Complaint ID,Dataset ID,Case type,Actual/Expected category,GenAI category,Python category,GenAI dept,Python dept,GenAI urgency,Python urgency,GenAI escalation,Python escalation,Policy reference,Match/Mismatch,Verification status,Explanation of disagreement
CMP-00001,DS-0001,policy_exception,Cancellation,not run (no provider credit),Cancellation,not run (no provider credit),Billing,not run (no provider credit),medium,not run (no provider credit),true,CAN-POL-01,Match,python_only,"GenAI not run (no provider credit); Python rule matrix is the verified result. Basis: rule RR-193, escalation rules ESC-POL-01."
CMP-00002,DS-0002,emotional,Delivery,not run (no provider credit),Delivery,not run (no provider credit),Logistics,not run (no provider credit),medium,not run (no provider credit),false,DEL-POL-04,Match,python_only,GenAI not run (no provider credit); Python rule matrix is the verified result. Basis: rule RR-001.
CMP-00003,DS-0003,unsupported_refund,Refund,not run (no provider credit),Refund,not run (no provider credit),Returns,not run (no provider credit),medium,not run (no provider credit),false,REF-POL-01,Match,python_only,GenAI not run (no provider credit); Python rule matrix is the verified result. Basis: rule RR-122.
CMP-00004,DS-0004,safety,Safety,not run (no provider credit),Safety,not run (no provider credit),Safety,not run (no provider credit),critical,not run (no provider credit),true,SAF-POL-01,Match,python_only,"GenAI not run (no provider credit); Python rule matrix is the verified result. Basis: rule RR-021, escalation rules ESC-SAF-02."
CMP-00005,DS-0005,simple,Billing,not run (no provider credit),Billing,not run (no provider credit),Billing,not run (no provider credit),low,not run (no provider credit),false,BIL-POL-02,Match,python_only,GenAI not run (no provider credit); Python rule matrix is the verified result. Basis: rule RR-137.
CMP-00006,DS-0006,simple,Account,not run (no provider credit),Account,not run (no provider credit),Account Security,not run (no provider credit),medium,not run (no provider credit),false,SEC-POL-01,Match,python_only,GenAI not run (no provider credit); Python rule matrix is the verified result. Basis: rule RR-017.
CMP-00007,DS-0007,low_priority,Technical Support,not run (no provider credit),Technical Support,not run (no provider credit),Technical Support,not run (no provider credit),low,not run (no provider credit),false,TEC-SOP-02,Match,python_only,GenAI not run (no provider credit); Python rule matrix is the verified result. Basis: rule RR-020.
CMP-00008,DS-0008,high_priority,Delivery,not run (no provider credit),Delivery,not run (no provider credit),Logistics,not run (no provider credit),high,not run (no provider credit),false,DEL-POL-04,Match,python_only,GenAI not run (no provider credit); Python rule matrix is the verified result. Basis: rule RR-002.
CMP-00009,DS-0009,incomplete,Delivery,not run (no provider credit),Delivery,not run (no provider credit),Logistics,not run (no provider credit),medium,not run (no provider credit),false,DEL-POL-04,Match,python_only,GenAI not run (no provider credit); Python rule matrix is the verified result. Basis: rule RR-001.
CMP-00010,DS-0010,simple,Product Defect,not run (no provider credit),Product Defect,not run (no provider credit),Warranty,not run (no provider credit),high,not run (no provider credit),false,WAR-POL-03,Match,python_only,GenAI not run (no provider credit); Python rule matrix is the verified result. Basis: rule RR-006.
CMP-00011,DS-0011,high_value,Refund,not run (no provider credit),Refund,not run (no provider credit),Returns,not run (no provider credit),high,not run (no provider credit),true,REF-POL-01,Match,python_only,"GenAI not run (no provider credit); Python rule matrix is the verified result. Basis: rule RR-005, escalation rules ESC-HIGH-VALUE."
CMP-00012,DS-0012,simple,Refund,not run (no provider credit),Refund,not run (no provider credit),Returns,not run (no provider credit),medium,not run (no provider credit),false,REF-POL-01,Match,python_only,GenAI not run (no provider credit); Python rule matrix is the verified result. Basis: rule RR-149.
CMP-00013,DS-0013,ambiguous,Technical Support,not run (no provider credit),Technical Support,not run (no provider credit),Technical Support,not run (no provider credit),low,not run (no provider credit),false,TEC-SOP-02,Match,python_only,GenAI not run (no provider credit); Python rule matrix is the verified result. Basis: rule RR-020.
CMP-00014,DS-0014,privacy,Privacy,not run (no provider credit),Privacy,not run (no provider credit),Compliance,not run (no provider credit),high,not run (no provider credit),true,PRI-POL-01,Match,python_only,"GenAI not run (no provider credit); Python rule matrix is the verified result. Basis: rule RR-009, escalation rules ESC-PRI-01."
CMP-00015,DS-0015,simple,Delivery,not run (no provider credit),Delivery,not run (no provider credit),Logistics,not run (no provider credit),high,not run (no provider credit),false,DEL-POL-04,Match,python_only,GenAI not run (no provider credit); Python rule matrix is the verified result. Basis: rule RR-129.
CMP-00016,DS-0016,simple,Billing,not run (no provider credit),Billing,not run (no provider credit),Billing,not run (no provider credit),high,not run (no provider credit),false,BIL-POL-02,Match,python_only,GenAI not run (no provider credit); Python rule matrix is the verified result. Basis: rule RR-003.
CMP-00017,DS-0017,ambiguous,Technical Support,not run (no provider credit),Technical Support,not run (no provider credit),Technical Support,not run (no provider credit),low,not run (no provider credit),false,TEC-SOP-02,Match,python_only,GenAI not run (no provider credit); Python rule matrix is the verified result. Basis: rule RR-020.
CMP-00018,DS-0018,simple,Delivery,not run (no provider credit),Delivery,not run (no provider credit),Logistics,not run (no provider credit),high,not run (no provider credit),false,DEL-POL-04,Match,python_only,GenAI not run (no provider credit); Python rule matrix is the verified result. Basis: rule RR-002.
CMP-00019,DS-0019,multi_issue,Account,not run (no provider credit),Account,not run (no provider credit),Account Security,not run (no provider credit),high,not run (no provider credit),true,SEC-POL-01,Match,python_only,"GenAI not run (no provider credit); Python rule matrix is the verified result. Basis: rule RR-010, escalation rules ESC-SEC-01."
CMP-00020,DS-0020,simple,Warranty,not run (no provider credit),Warranty,not run (no provider credit),Warranty,not run (no provider credit),medium,not run (no provider credit),false,WAR-POL-03,Match,python_only,GenAI not run (no provider credit); Python rule matrix is the verified result. Basis: rule RR-012.
CMP-00021,DS-0021,simple,Delivery,not run (no provider credit),Delivery,not run (no provider credit),Logistics,not run (no provider credit),medium,not run (no provider credit),false,DEL-POL-04,Match,python_only,GenAI not run (no provider credit); Python rule matrix is the verified result. Basis: rule RR-001.
CMP-00022,DS-0022,simple,Billing,not run (no provider credit),Billing,not run (no provider credit),Billing,not run (no provider credit),medium,not run (no provider credit),false,REF-POL-01,Match,python_only,GenAI not run (no provider credit); Python rule matrix is the verified result. Basis: rule RR-141.
CMP-00023,DS-0023,multi_issue,Billing,not run (no provider credit),Billing,not run (no provider credit),Billing,not run (no provider credit),high,not run (no provider credit),false,BIL-POL-02,Match,python_only,GenAI not run (no provider credit); Python rule matrix is the verified result. Basis: rule RR-003.
CMP-00024,DS-0024,low_value_privacy,Privacy,not run (no provider credit),Privacy,not run (no provider credit),Compliance,not run (no provider credit),high,not run (no provider credit),true,PRI-POL-01,Match,python_only,"GenAI not run (no provider credit); Python rule matrix is the verified result. Basis: rule RR-165, escalation rules ESC-PRI-02."
CMP-00025,DS-0025,simple,Refund,not run (no provider credit),Refund,not run (no provider credit),Returns,not run (no provider credit),low,not run (no provider credit),false,REF-POL-01,Match,python_only,GenAI not run (no provider credit); Python rule matrix is the verified result. Basis: rule RR-018.
CMP-00026,DS-0026,simple,Cancellation,not run (no provider credit),Cancellation,not run (no provider credit),Billing,not run (no provider credit),medium,not run (no provider credit),false,CAN-POL-01,Match,python_only,GenAI not run (no provider credit); Python rule matrix is the verified result. Basis: rule RR-194.
CMP-00027,DS-0027,prompt_injection,Billing,not run (no provider credit),Billing,not run (no provider credit),Billing,not run (no provider credit),high,not run (no provider credit),false,BIL-POL-02,Match,python_only,GenAI not run (no provider credit); Python rule matrix is the verified result. Basis: rule RR-003.
CMP-00028,DS-0028,contradictory_policy,Refund,not run (no provider credit),Refund,not run (no provider credit),Returns,not run (no provider credit),medium,not run (no provider credit),false,REF-POL-01,Match,python_only,GenAI not run (no provider credit); Python rule matrix is the verified result. Basis: rule RR-200.
CMP-00029,DS-0029,low_priority,Service Quality,not run (no provider credit),Service Quality,not run (no provider credit),Customer Relations,not run (no provider credit),low,not run (no provider credit),false,SLA-POL-01,Match,python_only,GenAI not run (no provider credit); Python rule matrix is the verified result. Basis: rule RR-015.
CMP-00030,DS-0030,low_priority,Product Defect,not run (no provider credit),Product Defect,not run (no provider credit),Warranty,not run (no provider credit),low,not run (no provider credit),false,WAR-POL-03,Match,python_only,GenAI not run (no provider credit); Python rule matrix is the verified result. Basis: rule RR-121.
CMP-00031,DS-0031,high_priority,Technical Support,not run (no provider credit),Technical Support,not run (no provider credit),Technical Support,not run (no provider credit),high,not run (no provider credit),true,TEC-SOP-02,Match,python_only,"GenAI not run (no provider credit); Python rule matrix is the verified result. Basis: rule RR-178, escalation rules ESC-FAIL-01."
CMP-00032,DS-0032,simple,Account,not run (no provider credit),Account,not run (no provider credit),Account Security,not run (no provider credit),medium,not run (no provider credit),false,SEC-POL-01,Match,python_only,GenAI not run (no provider credit); Python rule matrix is the verified result. Basis: rule RR-017.
CMP-00033,DS-0033,simple,Delivery,not run (no provider credit),Delivery,not run (no provider credit),Logistics,not run (no provider credit),medium,not run (no provider credit),false,DEL-POL-04,Match,python_only,GenAI not run (no provider credit); Python rule matrix is the verified result. Basis: rule RR-001.
CMP-00034,DS-0034,vip_minor,Product Defect,not run (no provider credit),Product Defect,not run (no provider credit),Warranty,not run (no provider credit),low,not run (no provider credit),false,WAR-POL-03,Match,python_only,GenAI not run (no provider credit); Python rule matrix is the verified result. Basis: rule RR-121.
CMP-00035,DS-0035,security,Account,not run (no provider credit),Account,not run (no provider credit),Account Security,not run (no provider credit),high,not run (no provider credit),true,SEC-POL-01,Match,python_only,"GenAI not run (no provider credit); Python rule matrix is the verified result. Basis: rule RR-170, escalation rules ESC-SEC-01, ESC-X-09."
CMP-00036,DS-0036,low_priority,Product Defect,not run (no provider credit),Product Defect,not run (no provider credit),Warranty,not run (no provider credit),low,not run (no provider credit),false,WAR-POL-03,Match,python_only,GenAI not run (no provider credit); Python rule matrix is the verified result. Basis: rule RR-121.
CMP-00037,DS-0037,incomplete,Refund,not run (no provider credit),Refund,not run (no provider credit),Returns,not run (no provider credit),medium,not run (no provider credit),false,REF-POL-01,Match,python_only,GenAI not run (no provider credit); Python rule matrix is the verified result. Basis: rule RR-005.
CMP-00038,DS-0038,emotional,Delivery,not run (no provider credit),Delivery,not run (no provider credit),Logistics,not run (no provider credit),medium,not run (no provider credit),false,DEL-POL-04,Match,python_only,GenAI not run (no provider credit); Python rule matrix is the verified result. Basis: rule RR-001.
CMP-00039,DS-0039,unsupported_refund,Delivery,not run (no provider credit),Delivery,not run (no provider credit),Logistics,not run (no provider credit),medium,not run (no provider credit),false,DEL-POL-04,Match,python_only,GenAI not run (no provider credit); Python rule matrix is the verified result. Basis: rule RR-001.
CMP-00040,DS-0040,simple,Delivery,not run (no provider credit),Delivery,not run (no provider credit),Logistics,not run (no provider credit),high,not run (no provider credit),false,DEL-POL-04,Match,python_only,GenAI not run (no provider credit); Python rule matrix is the verified result. Basis: rule RR-002.
CMP-00041,DS-0041,simple,Delivery,not run (no provider credit),Delivery,not run (no provider credit),Logistics,not run (no provider credit),medium,not run (no provider credit),false,DEL-POL-04,Match,python_only,GenAI not run (no provider credit); Python rule matrix is the verified result. Basis: rule RR-125.
CMP-00042,DS-0042,multi_issue,Service Quality,not run (no provider credit),Service Quality,not run (no provider credit),Customer Relations,not run (no provider credit),high,not run (no provider credit),true,CMP-POL-01,Match,python_only,GenAI not run (no provider credit); Python rule matrix is the verified result. Basis: rule RR-123.
CMP-00043,DS-0043,high_priority,Delivery,not run (no provider credit),Delivery,not run (no provider credit),Logistics,not run (no provider credit),high,not run (no provider credit),false,DEL-POL-04,Match,python_only,GenAI not run (no provider credit); Python rule matrix is the verified result. Basis: rule RR-002.
CMP-00044,DS-0044,simple,Product Defect,not run (no provider credit),Product Defect,not run (no provider credit),Warranty,not run (no provider credit),high,not run (no provider credit),false,WAR-POL-03,Match,python_only,GenAI not run (no provider credit); Python rule matrix is the verified result. Basis: rule RR-007.
CMP-00045,DS-0045,low_priority,Product Defect,not run (no provider credit),Product Defect,not run (no provider credit),Warranty,not run (no provider credit),low,not run (no provider credit),false,WAR-POL-03,Match,python_only,GenAI not run (no provider credit); Python rule matrix is the verified result. Basis: rule RR-121.
CMP-00046,DS-0046,policy_exception,Cancellation,not run (no provider credit),Cancellation,not run (no provider credit),Billing,not run (no provider credit),medium,not run (no provider credit),true,CAN-POL-01,Match,python_only,"GenAI not run (no provider credit); Python rule matrix is the verified result. Basis: rule RR-193, escalation rules ESC-POL-01."
CMP-00047,DS-0047,simple,Service Quality,not run (no provider credit),Service Quality,not run (no provider credit),Customer Relations,not run (no provider credit),low,not run (no provider credit),false,SLA-POL-01,Match,python_only,GenAI not run (no provider credit); Python rule matrix is the verified result. Basis: rule RR-187.
CMP-00048,DS-0048,simple,Product Defect,not run (no provider credit),Product Defect,not run (no provider credit),Warranty,not run (no provider credit),high,not run (no provider credit),false,WAR-POL-03,Match,python_only,GenAI not run (no provider credit); Python rule matrix is the verified result. Basis: rule RR-006.
CMP-00049,DS-0049,simple,Refund,not run (no provider credit),Refund,not run (no provider credit),Returns,not run (no provider credit),medium,not run (no provider credit),false,REF-POL-01,Match,python_only,GenAI not run (no provider credit); Python rule matrix is the verified result. Basis: rule RR-005.
CMP-00050,DS-0050,contradictory_policy,Delivery,not run (no provider credit),Delivery,not run (no provider credit),Logistics,not run (no provider credit),medium,not run (no provider credit),false,DEL-POL-04,Match,python_only,GenAI not run (no provider credit); Python rule matrix is the verified result. Basis: rule RR-001.
CMP-00051,DS-0051,security,Account,not run (no provider credit),Account,not run (no provider credit),Account Security,not run (no provider credit),high,not run (no provider credit),true,SEC-POL-01,Match,python_only,"GenAI not run (no provider credit); Python rule matrix is the verified result. Basis: rule RR-010, escalation rules ESC-SEC-01."
CMP-00052,DS-0052,safety,Safety,not run (no provider credit),Safety,not run (no provider credit),Safety,not run (no provider credit),critical,not run (no provider credit),true,SAF-POL-01,Match,python_only,"GenAI not run (no provider credit); Python rule matrix is the verified result. Basis: rule RR-163, escalation rules ESC-SAF-02."
CMP-00053,DS-0053,emotional,Product Defect,not run (no provider credit),Product Defect,not run (no provider credit),Warranty,not run (no provider credit),high,not run (no provider credit),false,WAR-POL-03,Match,python_only,GenAI not run (no provider credit); Python rule matrix is the verified result. Basis: rule RR-006.
CMP-00054,DS-0054,incomplete,Unclassified,not run (no provider credit),Unclassified,not run (no provider credit),Customer Relations,not run (no provider credit),medium,not run (no provider credit),false,,Match,python_only,GenAI not run (no provider credit); Python rule matrix is the verified result. Basis: rule none.
CMP-00055,DS-0055,simple,Service Quality,not run (no provider credit),Service Quality,not run (no provider credit),Customer Relations,not run (no provider credit),low,not run (no provider credit),false,SLA-POL-01,Match,python_only,GenAI not run (no provider credit); Python rule matrix is the verified result. Basis: rule RR-189.
CMP-00056,DS-0056,simple,Delivery,not run (no provider credit),Delivery,not run (no provider credit),Logistics,not run (no provider credit),high,not run (no provider credit),false,DEL-POL-04,Match,python_only,GenAI not run (no provider credit); Python rule matrix is the verified result. Basis: rule RR-016.
CMP-00057,DS-0057,simple,Staff Behavior,not run (no provider credit),Staff Behavior,not run (no provider credit),Customer Relations,not run (no provider credit),medium,not run (no provider credit),false,REL-SOP-01,Match,python_only,GenAI not run (no provider credit); Python rule matrix is the verified result. Basis: rule RR-013.
CMP-00058,DS-0058,emotional,Staff Behavior,not run (no provider credit),Staff Behavior,not run (no provider credit),Customer Relations,not run (no provider credit),medium,not run (no provider credit),false,REL-SOP-01,Match,python_only,GenAI not run (no provider credit); Python rule matrix is the verified result. Basis: rule RR-013.
CMP-00059,DS-0059,simple,Delivery,not run (no provider credit),Delivery,not run (no provider credit),Logistics,not run (no provider credit),medium,not run (no provider credit),false,DEL-POL-04,Match,python_only,GenAI not run (no provider credit); Python rule matrix is the verified result. Basis: rule RR-124.
CMP-00060,DS-0060,simple,Cancellation,not run (no provider credit),Cancellation,not run (no provider credit),Billing,not run (no provider credit),medium,not run (no provider credit),false,CAN-POL-01,Match,python_only,GenAI not run (no provider credit); Python rule matrix is the verified result. Basis: rule RR-014.
CMP-00061,DS-0061,security,Account,not run (no provider credit),Account,not run (no provider credit),Account Security,not run (no provider credit),high,not run (no provider credit),true,SEC-POL-01,Match,python_only,"GenAI not run (no provider credit); Python rule matrix is the verified result. Basis: rule RR-171, escalation rules ESC-SEC-01, ESC-SEC-02."
CMP-00062,DS-0062,policy_exception,Refund,not run (no provider credit),Refund,not run (no provider credit),Returns,not run (no provider credit),low,not run (no provider credit),true,REF-POL-01,Match,python_only,"GenAI not run (no provider credit); Python rule matrix is the verified result. Basis: rule RR-018, escalation rules ESC-POL-01."
CMP-00063,DS-0063,simple,Service Quality,not run (no provider credit),Service Quality,not run (no provider credit),Customer Relations,not run (no provider credit),low,not run (no provider credit),false,SLA-POL-01,Match,python_only,GenAI not run (no provider credit); Python rule matrix is the verified result. Basis: rule RR-015.
CMP-00064,DS-0064,simple,Product Defect,not run (no provider credit),Product Defect,not run (no provider credit),Warranty,not run (no provider credit),high,not run (no provider credit),false,WAR-POL-03,Match,python_only,GenAI not run (no provider credit); Python rule matrix is the verified result. Basis: rule RR-007.
CMP-00065,DS-0065,security,Account,not run (no provider credit),Account,not run (no provider credit),Account Security,not run (no provider credit),high,not run (no provider credit),true,SEC-POL-01,Match,python_only,"GenAI not run (no provider credit); Python rule matrix is the verified result. Basis: rule RR-010, escalation rules ESC-SEC-01."
CMP-00066,DS-0066,simple,Account,not run (no provider credit),Account,not run (no provider credit),Account Security,not run (no provider credit),medium,not run (no provider credit),false,SEC-POL-01,Match,python_only,GenAI not run (no provider credit); Python rule matrix is the verified result. Basis: rule RR-017.
CMP-00067,DS-0067,emotional,Delivery,not run (no provider credit),Delivery,not run (no provider credit),Logistics,not run (no provider credit),medium,not run (no provider credit),false,DEL-POL-04,Match,python_only,GenAI not run (no provider credit); Python rule matrix is the verified result. Basis: rule RR-001.
CMP-00068,DS-0068,multi_issue,Privacy,not run (no provider credit),Privacy,not run (no provider credit),Compliance,not run (no provider credit),high,not run (no provider credit),true,PRI-POL-01,Match,python_only,"GenAI not run (no provider credit); Python rule matrix is the verified result. Basis: rule RR-009, escalation rules ESC-PRI-02."
CMP-00069,DS-0069,prompt_injection,Delivery,not run (no provider credit),Delivery,not run (no provider credit),Logistics,not run (no provider credit),medium,not run (no provider credit),false,DEL-POL-04,Match,python_only,GenAI not run (no provider credit); Python rule matrix is the verified result. Basis: rule RR-001.
CMP-00070,DS-0070,high_priority,Billing,not run (no provider credit),Billing,not run (no provider credit),Billing,not run (no provider credit),high,not run (no provider credit),false,BIL-POL-02,Match,python_only,GenAI not run (no provider credit); Python rule matrix is the verified result. Basis: rule RR-003.
CMP-00071,DS-0071,policy_exception,Delivery,not run (no provider credit),Delivery,not run (no provider credit),Logistics,not run (no provider credit),medium,not run (no provider credit),true,DEL-POL-04,Match,python_only,"GenAI not run (no provider credit); Python rule matrix is the verified result. Basis: rule RR-001, escalation rules ESC-POL-01."
CMP-00072,DS-0072,multi_issue,Account,not run (no provider credit),Account,not run (no provider credit),Account Security,not run (no provider credit),high,not run (no provider credit),true,SEC-POL-01,Match,python_only,"GenAI not run (no provider credit); Python rule matrix is the verified result. Basis: rule RR-010, escalation rules ESC-SEC-01."
CMP-00073,DS-0073,contradictory_policy,Billing,not run (no provider credit),Billing,not run (no provider credit),Billing,not run (no provider credit),high,not run (no provider credit),false,BIL-POL-02,Match,python_only,GenAI not run (no provider credit); Python rule matrix is the verified result. Basis: rule RR-003.
CMP-00074,DS-0074,multi_issue,Refund,not run (no provider credit),Refund,not run (no provider credit),Returns,not run (no provider credit),medium,not run (no provider credit),false,REF-POL-01,Match,python_only,GenAI not run (no provider credit); Python rule matrix is the verified result. Basis: rule RR-005.
CMP-00075,DS-0075,simple,Account,not run (no provider credit),Account,not run (no provider credit),Account Security,not run (no provider credit),medium,not run (no provider credit),false,SEC-POL-01,Match,python_only,GenAI not run (no provider credit); Python rule matrix is the verified result. Basis: rule RR-017.
CMP-00076,DS-0076,emotional,Product Defect,not run (no provider credit),Product Defect,not run (no provider credit),Warranty,not run (no provider credit),high,not run (no provider credit),false,WAR-POL-03,Match,python_only,GenAI not run (no provider credit); Python rule matrix is the verified result. Basis: rule RR-006.
CMP-00077,DS-0077,simple,Refund,not run (no provider credit),Refund,not run (no provider credit),Returns,not run (no provider credit),medium,not run (no provider credit),false,REF-POL-01,Match,python_only,GenAI not run (no provider credit); Python rule matrix is the verified result. Basis: rule RR-005.
CMP-00078,DS-0078,policy_exception,Delivery,not run (no provider credit),Delivery,not run (no provider credit),Logistics,not run (no provider credit),medium,not run (no provider credit),true,DEL-POL-04,Match,python_only,"GenAI not run (no provider credit); Python rule matrix is the verified result. Basis: rule RR-001, escalation rules ESC-POL-01."
CMP-00079,DS-0079,near_duplicate,Refund,not run (no provider credit),Refund,not run (no provider credit),Returns,not run (no provider credit),low,not run (no provider credit),false,REF-POL-01,Match,python_only,"GenAI not run (no provider credit); Python rule matrix is the verified result. Basis: rule RR-018, repeat of CMP-00025."
CMP-00080,DS-0080,contradictory_policy,Product Defect,not run (no provider credit),Product Defect,not run (no provider credit),Warranty,not run (no provider credit),high,not run (no provider credit),true,RPL-POL-01,Match,python_only,"GenAI not run (no provider credit); Python rule matrix is the verified result. Basis: rule RR-202, escalation rules ESC-HW-01."
CMP-00081,DS-0081,calm_critical,Account,not run (no provider credit),Account,not run (no provider credit),Account Security,not run (no provider credit),high,not run (no provider credit),true,SEC-POL-01,Match,python_only,"GenAI not run (no provider credit); Python rule matrix is the verified result. Basis: rule RR-010, escalation rules ESC-SEC-01."
CMP-00082,DS-0082,low_priority,Refund,not run (no provider credit),Refund,not run (no provider credit),Returns,not run (no provider credit),low,not run (no provider credit),false,REF-POL-01,Match,python_only,GenAI not run (no provider credit); Python rule matrix is the verified result. Basis: rule RR-018.
CMP-00083,DS-0083,simple,Warranty,not run (no provider credit),Warranty,not run (no provider credit),Warranty,not run (no provider credit),medium,not run (no provider credit),false,WAR-POL-03,Match,python_only,GenAI not run (no provider credit); Python rule matrix is the verified result. Basis: rule RR-012.
CMP-00084,DS-0084,incomplete,Unclassified,not run (no provider credit),Unclassified,not run (no provider credit),Customer Relations,not run (no provider credit),medium,not run (no provider credit),false,,Match,python_only,GenAI not run (no provider credit); Python rule matrix is the verified result. Basis: rule none.
CMP-00085,DS-0085,high_priority,Billing,not run (no provider credit),Billing,not run (no provider credit),Billing,not run (no provider credit),high,not run (no provider credit),false,BIL-POL-02,Match,python_only,GenAI not run (no provider credit); Python rule matrix is the verified result. Basis: rule RR-003.
CMP-00086,DS-0086,privacy,Privacy,not run (no provider credit),Privacy,not run (no provider credit),Compliance,not run (no provider credit),high,not run (no provider credit),true,PRI-POL-01,Match,python_only,"GenAI not run (no provider credit); Python rule matrix is the verified result. Basis: rule RR-022, escalation rules ESC-X-08."
CMP-00087,DS-0087,simple,Product Defect,not run (no provider credit),Product Defect,not run (no provider credit),Warranty,not run (no provider credit),high,not run (no provider credit),false,WAR-POL-03,Match,python_only,GenAI not run (no provider credit); Python rule matrix is the verified result. Basis: rule RR-007.
CMP-00088,DS-0088,simple,Refund,not run (no provider credit),Refund,not run (no provider credit),Returns,not run (no provider credit),low,not run (no provider credit),false,REF-POL-01,Match,python_only,GenAI not run (no provider credit); Python rule matrix is the verified result. Basis: rule RR-018.
CMP-00089,DS-0089,safety,Safety,not run (no provider credit),Safety,not run (no provider credit),Safety,not run (no provider credit),critical,not run (no provider credit),true,SAF-POL-01,Match,python_only,"GenAI not run (no provider credit); Python rule matrix is the verified result. Basis: rule RR-161, escalation rules ESC-SAF-01, ESC-SAF-05."
CMP-00090,DS-0090,simple,Refund,not run (no provider credit),Refund,not run (no provider credit),Returns,not run (no provider credit),low,not run (no provider credit),false,REF-POL-01,Match,python_only,GenAI not run (no provider credit); Python rule matrix is the verified result. Basis: rule RR-018.
CMP-00091,DS-0091,simple,Technical Support,not run (no provider credit),Technical Support,not run (no provider credit),Technical Support,not run (no provider credit),medium,not run (no provider credit),false,TEC-SOP-02,Match,python_only,GenAI not run (no provider credit); Python rule matrix is the verified result. Basis: rule RR-011.
CMP-00092,DS-0092,ambiguous,Delivery,not run (no provider credit),Delivery,not run (no provider credit),Logistics,not run (no provider credit),medium,not run (no provider credit),false,DEL-POL-04,Match,python_only,GenAI not run (no provider credit); Python rule matrix is the verified result. Basis: rule RR-001.
CMP-00093,DS-0093,calm_critical,Account,not run (no provider credit),Account,not run (no provider credit),Account Security,not run (no provider credit),high,not run (no provider credit),true,SEC-POL-01,Match,python_only,"GenAI not run (no provider credit); Python rule matrix is the verified result. Basis: rule RR-010, escalation rules ESC-SEC-01."
CMP-00094,DS-0094,high_value,Billing,not run (no provider credit),Billing,not run (no provider credit),Billing,not run (no provider credit),high,not run (no provider credit),true,BIL-POL-02,Match,python_only,"GenAI not run (no provider credit); Python rule matrix is the verified result. Basis: rule RR-004, escalation rules ESC-HIGH-VALUE."
CMP-00095,DS-0095,simple,Service Quality,not run (no provider credit),Service Quality,not run (no provider credit),Customer Relations,not run (no provider credit),low,not run (no provider credit),false,SLA-POL-01,Match,python_only,GenAI not run (no provider credit); Python rule matrix is the verified result. Basis: rule RR-015.
CMP-00096,DS-0096,multi_issue,Delivery,not run (no provider credit),Delivery,not run (no provider credit),Logistics,not run (no provider credit),high,not run (no provider credit),false,DEL-POL-04,Match,python_only,GenAI not run (no provider credit); Python rule matrix is the verified result. Basis: rule RR-002.
CMP-00097,DS-0097,emotional,Billing,not run (no provider credit),Billing,not run (no provider credit),Billing,not run (no provider credit),high,not run (no provider credit),false,BIL-POL-02,Match,python_only,GenAI not run (no provider credit); Python rule matrix is the verified result. Basis: rule RR-003.
CMP-00098,DS-0098,incomplete,Unclassified,not run (no provider credit),Unclassified,not run (no provider credit),Customer Relations,not run (no provider credit),medium,not run (no provider credit),false,,Match,python_only,GenAI not run (no provider credit); Python rule matrix is the verified result. Basis: rule none.
CMP-00099,DS-0099,legal_threat,Billing,not run (no provider credit),Billing,not run (no provider credit),Billing,not run (no provider credit),high,not run (no provider credit),true,BIL-POL-02,Match,python_only,"GenAI not run (no provider credit); Python rule matrix is the verified result. Basis: rule RR-003, escalation rules ESC-LEG-01, ESC-X-14."
CMP-00100,DS-0100,simple,Product Defect,not run (no provider credit),Product Defect,not run (no provider credit),Warranty,not run (no provider credit),medium,not run (no provider credit),false,WAR-POL-03,Match,python_only,GenAI not run (no provider credit); Python rule matrix is the verified result. Basis: rule RR-154.
CMP-00101,DS-0101,calm_critical,Safety,not run (no provider credit),Safety,not run (no provider credit),Safety,not run (no provider credit),critical,not run (no provider credit),true,SAF-POL-01,Match,python_only,"GenAI not run (no provider credit); Python rule matrix is the verified result. Basis: rule RR-008, escalation rules ESC-SAF-01."
CMP-00102,DS-0102,calm_critical,Account,not run (no provider credit),Account,not run (no provider credit),Account Security,not run (no provider credit),high,not run (no provider credit),true,SEC-POL-01,Match,python_only,"GenAI not run (no provider credit); Python rule matrix is the verified result. Basis: rule RR-010, escalation rules ESC-SEC-01."
CMP-00103,DS-0103,simple,Billing,not run (no provider credit),Billing,not run (no provider credit),Billing,not run (no provider credit),high,not run (no provider credit),false,BIL-POL-02,Match,python_only,GenAI not run (no provider credit); Python rule matrix is the verified result. Basis: rule RR-003.
CMP-00104,DS-0104,prompt_injection,Service Quality,not run (no provider credit),Service Quality,not run (no provider credit),Customer Relations,not run (no provider credit),low,not run (no provider credit),false,SLA-POL-01,Match,python_only,GenAI not run (no provider credit); Python rule matrix is the verified result. Basis: rule RR-015.
CMP-00105,DS-0105,simple,Product Defect,not run (no provider credit),Product Defect,not run (no provider credit),Warranty,not run (no provider credit),medium,not run (no provider credit),false,WAR-POL-03,Match,python_only,GenAI not run (no provider credit); Python rule matrix is the verified result. Basis: rule RR-154.
CMP-00106,DS-0106,low_value_privacy,Privacy,not run (no provider credit),Privacy,not run (no provider credit),Compliance,not run (no provider credit),high,not run (no provider credit),true,PRI-POL-01,Match,python_only,"GenAI not run (no provider credit); Python rule matrix is the verified result. Basis: rule RR-009, escalation rules ESC-PRI-02."
CMP-00107,DS-0107,simple,Product Defect,not run (no provider credit),Product Defect,not run (no provider credit),Warranty,not run (no provider credit),high,not run (no provider credit),false,WAR-POL-03,Match,python_only,GenAI not run (no provider credit); Python rule matrix is the verified result. Basis: rule RR-007.
CMP-00108,DS-0108,high_priority,Technical Support,not run (no provider credit),Technical Support,not run (no provider credit),Technical Support,not run (no provider credit),high,not run (no provider credit),true,TEC-SOP-02,Match,python_only,"GenAI not run (no provider credit); Python rule matrix is the verified result. Basis: rule RR-178, escalation rules ESC-FAIL-01."
CMP-00109,DS-0109,contradictory_policy,Delivery,not run (no provider credit),Delivery,not run (no provider credit),Logistics,not run (no provider credit),medium,not run (no provider credit),false,DEL-POL-04,Match,python_only,GenAI not run (no provider credit); Python rule matrix is the verified result. Basis: rule RR-001.
CMP-00110,DS-0110,calm_critical,Privacy,not run (no provider credit),Privacy,not run (no provider credit),Compliance,not run (no provider credit),high,not run (no provider credit),true,PRI-POL-01,Match,python_only,"GenAI not run (no provider credit); Python rule matrix is the verified result. Basis: rule RR-009, escalation rules ESC-PRI-02."
CMP-00111,DS-0111,prompt_injection,Refund,not run (no provider credit),Refund,not run (no provider credit),Returns,not run (no provider credit),medium,not run (no provider credit),false,REF-POL-01,Match,python_only,GenAI not run (no provider credit); Python rule matrix is the verified result. Basis: rule RR-005.
CMP-00112,DS-0112,low_priority,Refund,not run (no provider credit),Refund,not run (no provider credit),Returns,not run (no provider credit),low,not run (no provider credit),false,REF-POL-01,Match,python_only,GenAI not run (no provider credit); Python rule matrix is the verified result. Basis: rule RR-018.
CMP-00113,DS-0113,privacy,Privacy,not run (no provider credit),Privacy,not run (no provider credit),Compliance,not run (no provider credit),high,not run (no provider credit),true,PRI-POL-01,Match,python_only,GenAI not run (no provider credit); Python rule matrix is the verified result. Basis: rule RR-022.
CMP-00114,DS-0114,unsupported_refund,Delivery,not run (no provider credit),Delivery,not run (no provider credit),Logistics,not run (no provider credit),medium,not run (no provider credit),false,DEL-POL-04,Match,python_only,GenAI not run (no provider credit); Python rule matrix is the verified result. Basis: rule RR-001.
CMP-00115,DS-0115,legal_threat,Product Defect,not run (no provider credit),Product Defect,not run (no provider credit),Warranty,not run (no provider credit),high,not run (no provider credit),true,WAR-POL-03,Match,python_only,"GenAI not run (no provider credit); Python rule matrix is the verified result. Basis: rule RR-155, escalation rules ESC-LEG-01."
CMP-00116,DS-0116,near_duplicate,Billing,not run (no provider credit),Billing,not run (no provider credit),Billing,not run (no provider credit),medium,not run (no provider credit),false,REF-POL-01,Match,python_only,"GenAI not run (no provider credit); Python rule matrix is the verified result. Basis: rule RR-141, repeat of CMP-00022."
CMP-00117,DS-0117,contradictory_policy,Delivery,not run (no provider credit),Delivery,not run (no provider credit),Logistics,not run (no provider credit),medium,not run (no provider credit),false,DEL-POL-04,Match,python_only,GenAI not run (no provider credit); Python rule matrix is the verified result. Basis: rule RR-001.
CMP-00118,DS-0118,simple,Billing,not run (no provider credit),Billing,not run (no provider credit),Billing,not run (no provider credit),medium,not run (no provider credit),false,BIL-POL-02,Match,python_only,GenAI not run (no provider credit); Python rule matrix is the verified result. Basis: rule RR-004.
CMP-00119,DS-0119,security,Account,not run (no provider credit),Account,not run (no provider credit),Account Security,not run (no provider credit),medium,not run (no provider credit),false,SEC-POL-01,Match,python_only,GenAI not run (no provider credit); Python rule matrix is the verified result. Basis: rule RR-017.
CMP-00120,DS-0120,privacy,Privacy,not run (no provider credit),Privacy,not run (no provider credit),Compliance,not run (no provider credit),high,not run (no provider credit),true,PRI-POL-01,Match,python_only,GenAI not run (no provider credit); Python rule matrix is the verified result. Basis: rule RR-165.
CMP-00121,DS-0121,calm_critical,Safety,not run (no provider credit),Safety,not run (no provider credit),Safety,not run (no provider credit),critical,not run (no provider credit),true,SAF-POL-01,Match,python_only,"GenAI not run (no provider credit); Python rule matrix is the verified result. Basis: rule RR-008, escalation rules ESC-SAF-01."
CMP-00122,DS-0122,legal_threat,Billing,not run (no provider credit),Billing,not run (no provider credit),Billing,not run (no provider credit),high,not run (no provider credit),true,BIL-POL-02,Match,python_only,"GenAI not run (no provider credit); Python rule matrix is the verified result. Basis: rule RR-003, escalation rules ESC-LEG-01."
CMP-00123,DS-0123,multi_issue,Refund,not run (no provider credit),Refund,not run (no provider credit),Returns,not run (no provider credit),medium,not run (no provider credit),false,REF-POL-01,Match,python_only,GenAI not run (no provider credit); Python rule matrix is the verified result. Basis: rule RR-005.
CMP-00124,DS-0124,multi_issue,Safety,not run (no provider credit),Safety,not run (no provider credit),Safety,not run (no provider credit),critical,not run (no provider credit),true,SAF-POL-01,Match,python_only,"GenAI not run (no provider credit); Python rule matrix is the verified result. Basis: rule RR-008, escalation rules ESC-SAF-01."
CMP-00125,DS-0125,emotional,Billing,not run (no provider credit),Billing,not run (no provider credit),Billing,not run (no provider credit),high,not run (no provider credit),false,BIL-POL-02,Match,python_only,GenAI not run (no provider credit); Python rule matrix is the verified result. Basis: rule RR-003.
CMP-00126,DS-0126,simple,Refund,not run (no provider credit),Refund,not run (no provider credit),Returns,not run (no provider credit),medium,not run (no provider credit),false,REF-POL-01,Match,python_only,GenAI not run (no provider credit); Python rule matrix is the verified result. Basis: rule RR-005.
CMP-00127,DS-0127,simple,Delivery,not run (no provider credit),Delivery,not run (no provider credit),Logistics,not run (no provider credit),medium,not run (no provider credit),false,DEL-POL-04,Match,python_only,GenAI not run (no provider credit); Python rule matrix is the verified result. Basis: rule RR-125.
CMP-00128,DS-0128,incomplete,Refund,not run (no provider credit),Refund,not run (no provider credit),Returns,not run (no provider credit),medium,not run (no provider credit),false,REF-POL-01,Match,python_only,GenAI not run (no provider credit); Python rule matrix is the verified result. Basis: rule RR-005.
CMP-00129,DS-0129,simple,Warranty,not run (no provider credit),Warranty,not run (no provider credit),Warranty,not run (no provider credit),medium,not run (no provider credit),false,WAR-POL-03,Match,python_only,GenAI not run (no provider credit); Python rule matrix is the verified result. Basis: rule RR-012.
CMP-00130,DS-0130,simple,Account,not run (no provider credit),Account,not run (no provider credit),Account Security,not run (no provider credit),medium,not run (no provider credit),false,SEC-POL-01,Match,python_only,GenAI not run (no provider credit); Python rule matrix is the verified result. Basis: rule RR-017.
CMP-00131,DS-0131,contradictory_policy,Billing,not run (no provider credit),Billing,not run (no provider credit),Billing,not run (no provider credit),high,not run (no provider credit),false,BIL-POL-02,Match,python_only,GenAI not run (no provider credit); Python rule matrix is the verified result. Basis: rule RR-003.
CMP-00132,DS-0132,policy_exception,Delivery,not run (no provider credit),Delivery,not run (no provider credit),Logistics,not run (no provider credit),medium,not run (no provider credit),true,DEL-POL-04,Match,python_only,"GenAI not run (no provider credit); Python rule matrix is the verified result. Basis: rule RR-001, escalation rules ESC-POL-01."
CMP-00133,DS-0133,simple,Product Defect,not run (no provider credit),Product Defect,not run (no provider credit),Warranty,not run (no provider credit),high,not run (no provider credit),false,WAR-POL-03,Match,python_only,GenAI not run (no provider credit); Python rule matrix is the verified result. Basis: rule RR-155.
CMP-00134,DS-0134,security,Account,not run (no provider credit),Account,not run (no provider credit),Account Security,not run (no provider credit),high,not run (no provider credit),true,SEC-POL-01,Match,python_only,"GenAI not run (no provider credit); Python rule matrix is the verified result. Basis: rule RR-172, escalation rules ESC-SEC-01, ESC-SEC-02."
CMP-00135,DS-0135,low_value_privacy,Privacy,not run (no provider credit),Privacy,not run (no provider credit),Compliance,not run (no provider credit),high,not run (no provider credit),true,PRI-POL-01,Match,python_only,"GenAI not run (no provider credit); Python rule matrix is the verified result. Basis: rule RR-165, escalation rules ESC-PRI-02."
CMP-00136,DS-0136,low_value_privacy,Privacy,not run (no provider credit),Privacy,not run (no provider credit),Compliance,not run (no provider credit),high,not run (no provider credit),true,PRI-POL-01,Match,python_only,"GenAI not run (no provider credit); Python rule matrix is the verified result. Basis: rule RR-165, escalation rules ESC-PRI-02."
CMP-00137,DS-0137,simple,Service Quality,not run (no provider credit),Service Quality,not run (no provider credit),Customer Relations,not run (no provider credit),low,not run (no provider credit),false,SLA-POL-01,Match,python_only,GenAI not run (no provider credit); Python rule matrix is the verified result. Basis: rule RR-015.
CMP-00138,DS-0138,privacy,Privacy,not run (no provider credit),Privacy,not run (no provider credit),Compliance,not run (no provider credit),high,not run (no provider credit),true,PRI-POL-01,Match,python_only,GenAI not run (no provider credit); Python rule matrix is the verified result. Basis: rule RR-165.
CMP-00139,DS-0139,safety,Safety,not run (no provider credit),Safety,not run (no provider credit),Safety,not run (no provider credit),critical,not run (no provider credit),true,SAF-POL-01,Match,python_only,"GenAI not run (no provider credit); Python rule matrix is the verified result. Basis: rule RR-008, escalation rules ESC-SAF-01."
CMP-00140,DS-0140,emotional,Product Defect,not run (no provider credit),Product Defect,not run (no provider credit),Warranty,not run (no provider credit),high,not run (no provider credit),false,WAR-POL-03,Match,python_only,GenAI not run (no provider credit); Python rule matrix is the verified result. Basis: rule RR-006.
CMP-00141,DS-0141,simple,Technical Support,not run (no provider credit),Technical Support,not run (no provider credit),Technical Support,not run (no provider credit),medium,not run (no provider credit),false,TEC-SOP-02,Match,python_only,GenAI not run (no provider credit); Python rule matrix is the verified result. Basis: rule RR-011.
CMP-00142,DS-0142,simple,Technical Support,not run (no provider credit),Technical Support,not run (no provider credit),Technical Support,not run (no provider credit),medium,not run (no provider credit),false,TEC-SOP-02,Match,python_only,GenAI not run (no provider credit); Python rule matrix is the verified result. Basis: rule RR-011.
CMP-00143,DS-0143,unsupported_refund,Refund,not run (no provider credit),Refund,not run (no provider credit),Returns,not run (no provider credit),low,not run (no provider credit),false,REF-POL-01,Match,python_only,GenAI not run (no provider credit); Python rule matrix is the verified result. Basis: rule RR-150.
CMP-00144,DS-0144,repeated,Service Quality,not run (no provider credit),Service Quality,not run (no provider credit),Customer Relations,not run (no provider credit),high,not run (no provider credit),true,CMP-POL-01,Match,python_only,"GenAI not run (no provider credit); Python rule matrix is the verified result. Basis: rule RR-123, escalation rules ESC-REP-01, repeat of CMP-00077."
CMP-00145,DS-0145,vip_minor,Product Defect,not run (no provider credit),Product Defect,not run (no provider credit),Warranty,not run (no provider credit),low,not run (no provider credit),false,WAR-POL-03,Match,python_only,GenAI not run (no provider credit); Python rule matrix is the verified result. Basis: rule RR-121.
CMP-00146,DS-0146,safety,Safety,not run (no provider credit),Safety,not run (no provider credit),Safety,not run (no provider credit),critical,not run (no provider credit),true,SAF-POL-01,Match,python_only,"GenAI not run (no provider credit); Python rule matrix is the verified result. Basis: rule RR-021, escalation rules ESC-SAF-02."
CMP-00147,DS-0147,incomplete,Delivery,not run (no provider credit),Delivery,not run (no provider credit),Logistics,not run (no provider credit),medium,not run (no provider credit),false,DEL-POL-04,Match,python_only,GenAI not run (no provider credit); Python rule matrix is the verified result. Basis: rule RR-001.
CMP-00148,DS-0148,safety,Safety,not run (no provider credit),Safety,not run (no provider credit),Safety,not run (no provider credit),critical,not run (no provider credit),true,SAF-POL-01,Match,python_only,"GenAI not run (no provider credit); Python rule matrix is the verified result. Basis: rule RR-008, escalation rules ESC-SAF-01, ESC-SAF-05."
CMP-00149,DS-0149,simple,Billing,not run (no provider credit),Billing,not run (no provider credit),Billing,not run (no provider credit),high,not run (no provider credit),false,BIL-POL-02,Match,python_only,GenAI not run (no provider credit); Python rule matrix is the verified result. Basis: rule RR-003.
CMP-00150,DS-0150,security,Account,not run (no provider credit),Account,not run (no provider credit),Account Security,not run (no provider credit),high,not run (no provider credit),true,SEC-POL-01,Match,python_only,"GenAI not run (no provider credit); Python rule matrix is the verified result. Basis: rule RR-010, escalation rules ESC-SEC-01."
CMP-00151,DS-0151,multi_issue,Safety,not run (no provider credit),Safety,not run (no provider credit),Safety,not run (no provider credit),critical,not run (no provider credit),true,SAF-POL-01,Match,python_only,"GenAI not run (no provider credit); Python rule matrix is the verified result. Basis: rule RR-008, escalation rules ESC-SAF-01."
CMP-00152,DS-0152,calm_critical,Safety,not run (no provider credit),Safety,not run (no provider credit),Safety,not run (no provider credit),critical,not run (no provider credit),true,SAF-POL-01,Match,python_only,"GenAI not run (no provider credit); Python rule matrix is the verified result. Basis: rule RR-021, escalation rules ESC-SAF-02."
CMP-00153,DS-0153,incomplete,Account,not run (no provider credit),Account,not run (no provider credit),Account Security,not run (no provider credit),high,not run (no provider credit),true,SEC-POL-01,Match,python_only,"GenAI not run (no provider credit); Python rule matrix is the verified result. Basis: rule RR-010, escalation rules ESC-SEC-01."
CMP-00154,DS-0154,emotional,Billing,not run (no provider credit),Billing,not run (no provider credit),Billing,not run (no provider credit),high,not run (no provider credit),false,BIL-POL-02,Match,python_only,GenAI not run (no provider credit); Python rule matrix is the verified result. Basis: rule RR-003.
CMP-00155,DS-0155,simple,Cancellation,not run (no provider credit),Cancellation,not run (no provider credit),Billing,not run (no provider credit),medium,not run (no provider credit),false,CAN-POL-01,Match,python_only,GenAI not run (no provider credit); Python rule matrix is the verified result. Basis: rule RR-014.
CMP-00156,DS-0156,simple,Refund,not run (no provider credit),Refund,not run (no provider credit),Returns,not run (no provider credit),medium,not run (no provider credit),false,REF-POL-01,Match,python_only,GenAI not run (no provider credit); Python rule matrix is the verified result. Basis: rule RR-005.
CMP-00157,DS-0157,contradictory_policy,Warranty,not run (no provider credit),Warranty,not run (no provider credit),Warranty,not run (no provider credit),medium,not run (no provider credit),false,WAR-POL-03,Match,python_only,GenAI not run (no provider credit); Python rule matrix is the verified result. Basis: rule RR-012.
CMP-00158,DS-0158,contradictory_policy,Refund,not run (no provider credit),Refund,not run (no provider credit),Returns,not run (no provider credit),medium,not run (no provider credit),false,REF-POL-01,Match,python_only,GenAI not run (no provider credit); Python rule matrix is the verified result. Basis: rule RR-005.
CMP-00159,DS-0159,near_duplicate,Billing,not run (no provider credit),Billing,not run (no provider credit),Billing,not run (no provider credit),high,not run (no provider credit),false,BIL-POL-02,Match,python_only,"GenAI not run (no provider credit); Python rule matrix is the verified result. Basis: rule RR-003, repeat of CMP-00103."
CMP-00160,DS-0160,high_priority,Delivery,not run (no provider credit),Delivery,not run (no provider credit),Logistics,not run (no provider credit),high,not run (no provider credit),false,DEL-POL-04,Match,python_only,GenAI not run (no provider credit); Python rule matrix is the verified result. Basis: rule RR-016.
CMP-00161,DS-0161,calm_critical,Safety,not run (no provider credit),Safety,not run (no provider credit),Safety,not run (no provider credit),critical,not run (no provider credit),true,SAF-POL-01,Match,python_only,"GenAI not run (no provider credit); Python rule matrix is the verified result. Basis: rule RR-008, escalation rules ESC-SAF-01."
CMP-00162,DS-0162,multi_issue,Refund,not run (no provider credit),Refund,not run (no provider credit),Returns,not run (no provider credit),medium,not run (no provider credit),false,REF-POL-01,Match,python_only,GenAI not run (no provider credit); Python rule matrix is the verified result. Basis: rule RR-005.
CMP-00163,DS-0163,legal_threat,Delivery,not run (no provider credit),Delivery,not run (no provider credit),Logistics,not run (no provider credit),high,not run (no provider credit),true,DEL-POL-04,Match,python_only,"GenAI not run (no provider credit); Python rule matrix is the verified result. Basis: rule RR-002, escalation rules ESC-LEG-01."
CMP-00164,DS-0164,near_duplicate,Billing,not run (no provider credit),Billing,not run (no provider credit),Billing,not run (no provider credit),high,not run (no provider credit),false,BIL-POL-02,Match,python_only,"GenAI not run (no provider credit); Python rule matrix is the verified result. Basis: rule RR-003, repeat of CMP-00149."
CMP-00165,DS-0165,contradictory_policy,Delivery,not run (no provider credit),Delivery,not run (no provider credit),Logistics,not run (no provider credit),medium,not run (no provider credit),false,DEL-POL-04,Match,python_only,GenAI not run (no provider credit); Python rule matrix is the verified result. Basis: rule RR-001.
CMP-00166,DS-0166,privacy,Privacy,not run (no provider credit),Privacy,not run (no provider credit),Compliance,not run (no provider credit),high,not run (no provider credit),true,PRI-POL-01,Match,python_only,"GenAI not run (no provider credit); Python rule matrix is the verified result. Basis: rule RR-009, escalation rules ESC-PRI-01."
CMP-00167,DS-0167,high_priority,Delivery,not run (no provider credit),Delivery,not run (no provider credit),Logistics,not run (no provider credit),high,not run (no provider credit),false,DEL-POL-04,Match,python_only,GenAI not run (no provider credit); Python rule matrix is the verified result. Basis: rule RR-016.
CMP-00168,DS-0168,privacy,Privacy,not run (no provider credit),Privacy,not run (no provider credit),Compliance,not run (no provider credit),high,not run (no provider credit),true,PRI-POL-01,Match,python_only,"GenAI not run (no provider credit); Python rule matrix is the verified result. Basis: rule RR-168, escalation rules ESC-PRI-02."
CMP-00169,DS-0169,high_value,Billing,not run (no provider credit),Billing,not run (no provider credit),Billing,not run (no provider credit),high,not run (no provider credit),true,BIL-POL-02,Match,python_only,"GenAI not run (no provider credit); Python rule matrix is the verified result. Basis: rule RR-003, escalation rules ESC-HIGH-01, ESC-HIGH-VALUE."
CMP-00170,DS-0170,incomplete,Safety,not run (no provider credit),Safety,not run (no provider credit),Safety,not run (no provider credit),critical,not run (no provider credit),true,SAF-POL-01,Match,python_only,"GenAI not run (no provider credit); Python rule matrix is the verified result. Basis: rule RR-008, escalation rules ESC-SAF-01."
CMP-00171,DS-0171,simple,Technical Support,not run (no provider credit),Technical Support,not run (no provider credit),Technical Support,not run (no provider credit),medium,not run (no provider credit),false,TEC-SOP-02,Match,python_only,GenAI not run (no provider credit); Python rule matrix is the verified result. Basis: rule RR-011.
CMP-00172,DS-0172,legal_threat,Staff Behavior,not run (no provider credit),Staff Behavior,not run (no provider credit),Customer Relations,not run (no provider credit),high,not run (no provider credit),true,REL-SOP-01,Match,python_only,"GenAI not run (no provider credit); Python rule matrix is the verified result. Basis: rule RR-013, escalation rules ESC-LEG-01, ESC-X-11."
CMP-00173,DS-0173,low_priority,Technical Support,not run (no provider credit),Technical Support,not run (no provider credit),Technical Support,not run (no provider credit),low,not run (no provider credit),false,TEC-SOP-02,Match,python_only,GenAI not run (no provider credit); Python rule matrix is the verified result. Basis: rule RR-020.
CMP-00174,DS-0174,incomplete,Safety,not run (no provider credit),Safety,not run (no provider credit),Safety,not run (no provider credit),critical,not run (no provider credit),true,SAF-POL-01,Match,python_only,"GenAI not run (no provider credit); Python rule matrix is the verified result. Basis: rule RR-008, escalation rules ESC-SAF-01."
CMP-00175,DS-0175,near_duplicate,Staff Behavior,not run (no provider credit),Staff Behavior,not run (no provider credit),Customer Relations,not run (no provider credit),medium,not run (no provider credit),false,REL-SOP-01,Match,python_only,"GenAI not run (no provider credit); Python rule matrix is the verified result. Basis: rule RR-013, repeat of CMP-00057."
CMP-00176,DS-0176,prompt_injection,Service Quality,not run (no provider credit),Service Quality,not run (no provider credit),Customer Relations,not run (no provider credit),low,not run (no provider credit),false,SLA-POL-01,Match,python_only,GenAI not run (no provider credit); Python rule matrix is the verified result. Basis: rule RR-015.
CMP-00177,DS-0177,simple,Delivery,not run (no provider credit),Delivery,not run (no provider credit),Logistics,not run (no provider credit),medium,not run (no provider credit),false,DEL-POL-04,Match,python_only,GenAI not run (no provider credit); Python rule matrix is the verified result. Basis: rule RR-001.
CMP-00178,DS-0178,simple,Technical Support,not run (no provider credit),Technical Support,not run (no provider credit),Technical Support,not run (no provider credit),low,not run (no provider credit),false,TEC-SOP-02,Match,python_only,GenAI not run (no provider credit); Python rule matrix is the verified result. Basis: rule RR-020.
CMP-00179,DS-0179,simple,Warranty,not run (no provider credit),Warranty,not run (no provider credit),Warranty,not run (no provider credit),medium,not run (no provider credit),false,WAR-POL-03,Match,python_only,GenAI not run (no provider credit); Python rule matrix is the verified result. Basis: rule RR-185.
CMP-00180,DS-0180,prompt_injection,Delivery,not run (no provider credit),Delivery,not run (no provider credit),Logistics,not run (no provider credit),high,not run (no provider credit),false,DEL-POL-04,Match,python_only,GenAI not run (no provider credit); Python rule matrix is the verified result. Basis: rule RR-016.
CMP-00181,DS-0181,unsupported_refund,Refund,not run (no provider credit),Refund,not run (no provider credit),Returns,not run (no provider credit),medium,not run (no provider credit),false,REF-POL-01,Match,python_only,GenAI not run (no provider credit); Python rule matrix is the verified result. Basis: rule RR-122.
CMP-00182,DS-0182,ambiguous,Billing,not run (no provider credit),Billing,not run (no provider credit),Billing,not run (no provider credit),medium,not run (no provider credit),false,BIL-POL-02,Match,python_only,GenAI not run (no provider credit); Python rule matrix is the verified result. Basis: rule RR-004.
CMP-00183,DS-0183,simple,Technical Support,not run (no provider credit),Technical Support,not run (no provider credit),Technical Support,not run (no provider credit),medium,not run (no provider credit),false,TEC-SOP-02,Match,python_only,GenAI not run (no provider credit); Python rule matrix is the verified result. Basis: rule RR-011.
CMP-00184,DS-0184,prompt_injection,Warranty,not run (no provider credit),Warranty,not run (no provider credit),Warranty,not run (no provider credit),medium,not run (no provider credit),false,WAR-POL-03,Match,python_only,GenAI not run (no provider credit); Python rule matrix is the verified result. Basis: rule RR-012.
CMP-00185,DS-0185,incomplete,Product Defect,not run (no provider credit),Product Defect,not run (no provider credit),Warranty,not run (no provider credit),high,not run (no provider credit),false,WAR-POL-03,Match,python_only,GenAI not run (no provider credit); Python rule matrix is the verified result. Basis: rule RR-006.
CMP-00186,DS-0186,privacy,Privacy,not run (no provider credit),Privacy,not run (no provider credit),Compliance,not run (no provider credit),high,not run (no provider credit),true,PRI-POL-01,Match,python_only,GenAI not run (no provider credit); Python rule matrix is the verified result. Basis: rule RR-022.
CMP-00187,DS-0187,calm_critical,Privacy,not run (no provider credit),Privacy,not run (no provider credit),Compliance,not run (no provider credit),high,not run (no provider credit),true,PRI-POL-01,Match,python_only,"GenAI not run (no provider credit); Python rule matrix is the verified result. Basis: rule RR-009, escalation rules ESC-PRI-02."
CMP-00188,DS-0188,repeated,Service Quality,not run (no provider credit),Service Quality,not run (no provider credit),Customer Relations,not run (no provider credit),high,not run (no provider credit),true,CMP-POL-01,Match,python_only,"GenAI not run (no provider credit); Python rule matrix is the verified result. Basis: rule RR-123, escalation rules ESC-REP-01, repeat of CMP-00095."
CMP-00189,DS-0189,security,Account,not run (no provider credit),Account,not run (no provider credit),Account Security,not run (no provider credit),medium,not run (no provider credit),false,SEC-POL-01,Match,python_only,GenAI not run (no provider credit); Python rule matrix is the verified result. Basis: rule RR-017.
CMP-00190,DS-0190,multi_issue,Service Quality,not run (no provider credit),Service Quality,not run (no provider credit),Customer Relations,not run (no provider credit),high,not run (no provider credit),true,CMP-POL-01,Match,python_only,GenAI not run (no provider credit); Python rule matrix is the verified result. Basis: rule RR-123.
CMP-00191,DS-0191,incomplete,Unclassified,not run (no provider credit),Unclassified,not run (no provider credit),Customer Relations,not run (no provider credit),medium,not run (no provider credit),false,,Match,python_only,GenAI not run (no provider credit); Python rule matrix is the verified result. Basis: rule none.
CMP-00192,DS-0192,safety,Safety,not run (no provider credit),Safety,not run (no provider credit),Safety,not run (no provider credit),critical,not run (no provider credit),true,SAF-POL-01,Match,python_only,"GenAI not run (no provider credit); Python rule matrix is the verified result. Basis: rule RR-008, escalation rules ESC-SAF-01."
CMP-00193,DS-0193,simple,Delivery,not run (no provider credit),Delivery,not run (no provider credit),Logistics,not run (no provider credit),high,not run (no provider credit),false,DEL-POL-04,Match,python_only,GenAI not run (no provider credit); Python rule matrix is the verified result. Basis: rule RR-016.
CMP-00194,DS-0194,high_value,Billing,not run (no provider credit),Billing,not run (no provider credit),Billing,not run (no provider credit),high,not run (no provider credit),true,BIL-POL-02,Match,python_only,"GenAI not run (no provider credit); Python rule matrix is the verified result. Basis: rule RR-003, escalation rules ESC-HIGH-01, ESC-HIGH-VALUE."
CMP-00195,DS-0195,simple,Technical Support,not run (no provider credit),Technical Support,not run (no provider credit),Technical Support,not run (no provider credit),low,not run (no provider credit),false,TEC-SOP-02,Match,python_only,GenAI not run (no provider credit); Python rule matrix is the verified result. Basis: rule RR-020.
CMP-00196,DS-0196,high_priority,Billing,not run (no provider credit),Billing,not run (no provider credit),Billing,not run (no provider credit),high,not run (no provider credit),false,BIL-POL-02,Match,python_only,GenAI not run (no provider credit); Python rule matrix is the verified result. Basis: rule RR-003.
CMP-00197,DS-0197,contradictory_policy,Warranty,not run (no provider credit),Warranty,not run (no provider credit),Warranty,not run (no provider credit),medium,not run (no provider credit),false,WAR-POL-03,Match,python_only,GenAI not run (no provider credit); Python rule matrix is the verified result. Basis: rule RR-012.
CMP-00198,DS-0198,privacy,Privacy,not run (no provider credit),Privacy,not run (no provider credit),Compliance,not run (no provider credit),high,not run (no provider credit),true,PRI-POL-01,Match,python_only,"GenAI not run (no provider credit); Python rule matrix is the verified result. Basis: rule RR-009, escalation rules ESC-PRI-01, ESC-PRI-02."
CMP-00199,DS-0199,simple,Warranty,not run (no provider credit),Warranty,not run (no provider credit),Warranty,not run (no provider credit),medium,not run (no provider credit),false,WAR-POL-03,Match,python_only,GenAI not run (no provider credit); Python rule matrix is the verified result. Basis: rule RR-012.
CMP-00200,DS-0200,prompt_injection,Safety,not run (no provider credit),Safety,not run (no provider credit),Safety,not run (no provider credit),critical,not run (no provider credit),true,SAF-POL-01,Match,python_only,"GenAI not run (no provider credit); Python rule matrix is the verified result. Basis: rule RR-008, escalation rules ESC-SAF-01."
CMP-00201,DS-0201,low_priority,Product Defect,not run (no provider credit),Product Defect,not run (no provider credit),Warranty,not run (no provider credit),low,not run (no provider credit),false,WAR-POL-03,Match,python_only,GenAI not run (no provider credit); Python rule matrix is the verified result. Basis: rule RR-121.
CMP-00202,DS-0202,contradictory_policy,Refund,not run (no provider credit),Refund,not run (no provider credit),Returns,not run (no provider credit),medium,not run (no provider credit),false,REF-POL-01,Match,python_only,GenAI not run (no provider credit); Python rule matrix is the verified result. Basis: rule RR-005.
CMP-00203,DS-0203,simple,Product Defect,not run (no provider credit),Product Defect,not run (no provider credit),Warranty,not run (no provider credit),high,not run (no provider credit),false,WAR-POL-03,Match,python_only,GenAI not run (no provider credit); Python rule matrix is the verified result. Basis: rule RR-007.
CMP-00204,DS-0204,simple,Billing,not run (no provider credit),Billing,not run (no provider credit),Billing,not run (no provider credit),high,not run (no provider credit),false,BIL-POL-02,Match,python_only,GenAI not run (no provider credit); Python rule matrix is the verified result. Basis: rule RR-003.
CMP-00205,DS-0205,unsupported_refund,Refund,not run (no provider credit),Refund,not run (no provider credit),Returns,not run (no provider credit),medium,not run (no provider credit),false,REF-POL-01,Match,python_only,GenAI not run (no provider credit); Python rule matrix is the verified result. Basis: rule RR-122.
CMP-00206,DS-0206,low_priority,Service Quality,not run (no provider credit),Service Quality,not run (no provider credit),Customer Relations,not run (no provider credit),low,not run (no provider credit),false,SLA-POL-01,Match,python_only,GenAI not run (no provider credit); Python rule matrix is the verified result. Basis: rule RR-015.
CMP-00207,DS-0207,high_priority,Billing,not run (no provider credit),Billing,not run (no provider credit),Billing,not run (no provider credit),high,not run (no provider credit),false,BIL-POL-02,Match,python_only,GenAI not run (no provider credit); Python rule matrix is the verified result. Basis: rule RR-003.
CMP-00208,DS-0208,contradictory_policy,Refund,not run (no provider credit),Refund,not run (no provider credit),Returns,not run (no provider credit),medium,not run (no provider credit),false,REF-POL-01,Match,python_only,GenAI not run (no provider credit); Python rule matrix is the verified result. Basis: rule RR-005.
CMP-00209,DS-0209,contradictory_policy,Delivery,not run (no provider credit),Delivery,not run (no provider credit),Logistics,not run (no provider credit),medium,not run (no provider credit),false,DEL-POL-04,Match,python_only,GenAI not run (no provider credit); Python rule matrix is the verified result. Basis: rule RR-001.
CMP-00210,DS-0210,vip_minor,Technical Support,not run (no provider credit),Technical Support,not run (no provider credit),Technical Support,not run (no provider credit),low,not run (no provider credit),false,TEC-SOP-02,Match,python_only,GenAI not run (no provider credit); Python rule matrix is the verified result. Basis: rule RR-020.
CMP-00211,DS-0211,simple,Billing,not run (no provider credit),Billing,not run (no provider credit),Billing,not run (no provider credit),medium,not run (no provider credit),false,BIL-POL-02,Match,python_only,GenAI not run (no provider credit); Python rule matrix is the verified result. Basis: rule RR-004.
CMP-00212,DS-0212,simple,Delivery,not run (no provider credit),Delivery,not run (no provider credit),Logistics,not run (no provider credit),medium,not run (no provider credit),false,DEL-POL-04,Match,python_only,GenAI not run (no provider credit); Python rule matrix is the verified result. Basis: rule RR-001.
CMP-00213,DS-0213,prompt_injection,Product Defect,not run (no provider credit),Product Defect,not run (no provider credit),Warranty,not run (no provider credit),high,not run (no provider credit),false,WAR-POL-03,Match,python_only,GenAI not run (no provider credit); Python rule matrix is the verified result. Basis: rule RR-006.
CMP-00214,DS-0214,simple,Cancellation,not run (no provider credit),Cancellation,not run (no provider credit),Billing,not run (no provider credit),medium,not run (no provider credit),false,CAN-POL-01,Match,python_only,GenAI not run (no provider credit); Python rule matrix is the verified result. Basis: rule RR-014.
CMP-00215,DS-0215,incomplete,Account,not run (no provider credit),Account,not run (no provider credit),Account Security,not run (no provider credit),high,not run (no provider credit),true,SEC-POL-01,Match,python_only,"GenAI not run (no provider credit); Python rule matrix is the verified result. Basis: rule RR-010, escalation rules ESC-SEC-01."
CMP-00216,DS-0216,calm_critical,Safety,not run (no provider credit),Safety,not run (no provider credit),Safety,not run (no provider credit),critical,not run (no provider credit),true,SAF-POL-01,Match,python_only,"GenAI not run (no provider credit); Python rule matrix is the verified result. Basis: rule RR-008, escalation rules ESC-SAF-01."
CMP-00217,DS-0217,multi_issue,Billing,not run (no provider credit),Billing,not run (no provider credit),Billing,not run (no provider credit),high,not run (no provider credit),false,BIL-POL-02,Match,python_only,GenAI not run (no provider credit); Python rule matrix is the verified result. Basis: rule RR-003.
CMP-00218,DS-0218,simple,Account,not run (no provider credit),Account,not run (no provider credit),Account Security,not run (no provider credit),medium,not run (no provider credit),false,SEC-POL-01,Match,python_only,GenAI not run (no provider credit); Python rule matrix is the verified result. Basis: rule RR-017.
CMP-00219,DS-0219,simple,Cancellation,not run (no provider credit),Cancellation,not run (no provider credit),Billing,not run (no provider credit),medium,not run (no provider credit),false,CAN-POL-01,Match,python_only,GenAI not run (no provider credit); Python rule matrix is the verified result. Basis: rule RR-014.
CMP-00220,DS-0220,low_priority,Refund,not run (no provider credit),Refund,not run (no provider credit),Returns,not run (no provider credit),low,not run (no provider credit),false,REF-POL-01,Match,python_only,GenAI not run (no provider credit); Python rule matrix is the verified result. Basis: rule RR-018.
CMP-00221,DS-0221,simple,Technical Support,not run (no provider credit),Technical Support,not run (no provider credit),Technical Support,not run (no provider credit),medium,not run (no provider credit),false,TEC-SOP-02,Match,python_only,GenAI not run (no provider credit); Python rule matrix is the verified result. Basis: rule RR-176.
CMP-00222,DS-0222,high_value,Refund,not run (no provider credit),Refund,not run (no provider credit),Returns,not run (no provider credit),high,not run (no provider credit),true,REF-POL-01,Match,python_only,"GenAI not run (no provider credit); Python rule matrix is the verified result. Basis: rule RR-005, escalation rules ESC-HIGH-01, ESC-HIGH-VALUE."
CMP-00223,DS-0223,prompt_injection,Billing,not run (no provider credit),Billing,not run (no provider credit),Billing,not run (no provider credit),high,not run (no provider credit),false,BIL-POL-02,Match,python_only,GenAI not run (no provider credit); Python rule matrix is the verified result. Basis: rule RR-003.
CMP-00224,DS-0224,ambiguous,Technical Support,not run (no provider credit),Technical Support,not run (no provider credit),Technical Support,not run (no provider credit),low,not run (no provider credit),false,TEC-SOP-02,Match,python_only,GenAI not run (no provider credit); Python rule matrix is the verified result. Basis: rule RR-020.
CMP-00225,DS-0225,unsupported_refund,Delivery,not run (no provider credit),Delivery,not run (no provider credit),Logistics,not run (no provider credit),medium,not run (no provider credit),false,DEL-POL-04,Match,python_only,GenAI not run (no provider credit); Python rule matrix is the verified result. Basis: rule RR-001.
CMP-00226,DS-0226,simple,Technical Support,not run (no provider credit),Technical Support,not run (no provider credit),Technical Support,not run (no provider credit),medium,not run (no provider credit),false,TEC-SOP-02,Match,python_only,GenAI not run (no provider credit); Python rule matrix is the verified result. Basis: rule RR-011.
CMP-00227,DS-0227,low_priority,Service Quality,not run (no provider credit),Service Quality,not run (no provider credit),Customer Relations,not run (no provider credit),low,not run (no provider credit),false,SLA-POL-01,Match,python_only,GenAI not run (no provider credit); Python rule matrix is the verified result. Basis: rule RR-015.
CMP-00228,DS-0228,contradictory_policy,Refund,not run (no provider credit),Refund,not run (no provider credit),Returns,not run (no provider credit),medium,not run (no provider credit),false,REF-POL-01,Match,python_only,GenAI not run (no provider credit); Python rule matrix is the verified result. Basis: rule RR-005.
CMP-00229,DS-0229,calm_critical,Safety,not run (no provider credit),Safety,not run (no provider credit),Safety,not run (no provider credit),critical,not run (no provider credit),true,SAF-POL-01,Match,python_only,"GenAI not run (no provider credit); Python rule matrix is the verified result. Basis: rule RR-008, escalation rules ESC-SAF-01."
CMP-00230,DS-0230,legal_threat,Billing,not run (no provider credit),Billing,not run (no provider credit),Billing,not run (no provider credit),high,not run (no provider credit),true,BIL-POL-02,Match,python_only,"GenAI not run (no provider credit); Python rule matrix is the verified result. Basis: rule RR-003, escalation rules ESC-LEG-01."
CMP-00231,DS-0231,unsupported_refund,Refund,not run (no provider credit),Refund,not run (no provider credit),Returns,not run (no provider credit),medium,not run (no provider credit),false,REF-POL-01,Match,python_only,GenAI not run (no provider credit); Python rule matrix is the verified result. Basis: rule RR-122.
CMP-00232,DS-0232,safety,Safety,not run (no provider credit),Safety,not run (no provider credit),Safety,not run (no provider credit),critical,not run (no provider credit),true,SAF-POL-01,Match,python_only,"GenAI not run (no provider credit); Python rule matrix is the verified result. Basis: rule RR-008, escalation rules ESC-SAF-01, ESC-X-23."
CMP-00233,DS-0233,contradictory_policy,Billing,not run (no provider credit),Billing,not run (no provider credit),Billing,not run (no provider credit),high,not run (no provider credit),false,BIL-POL-02,Match,python_only,GenAI not run (no provider credit); Python rule matrix is the verified result. Basis: rule RR-003.
CMP-00234,DS-0234,contradictory_policy,Cancellation,not run (no provider credit),Cancellation,not run (no provider credit),Billing,not run (no provider credit),medium,not run (no provider credit),false,CAN-POL-01,Match,python_only,GenAI not run (no provider credit); Python rule matrix is the verified result. Basis: rule RR-014.
CMP-00235,DS-0235,near_duplicate,Delivery,not run (no provider credit),Delivery,not run (no provider credit),Logistics,not run (no provider credit),medium,not run (no provider credit),false,DEL-POL-04,Match,python_only,"GenAI not run (no provider credit); Python rule matrix is the verified result. Basis: rule RR-001, repeat of CMP-00177."
CMP-00236,DS-0236,ambiguous,Product Defect,not run (no provider credit),Product Defect,not run (no provider credit),Warranty,not run (no provider credit),high,not run (no provider credit),false,WAR-POL-03,Match,python_only,GenAI not run (no provider credit); Python rule matrix is the verified result. Basis: rule RR-006.
CMP-00237,DS-0237,multi_issue,Service Quality,not run (no provider credit),Service Quality,not run (no provider credit),Customer Relations,not run (no provider credit),high,not run (no provider credit),true,CMP-POL-01,Match,python_only,GenAI not run (no provider credit); Python rule matrix is the verified result. Basis: rule RR-123.
CMP-00238,DS-0238,safety,Safety,not run (no provider credit),Safety,not run (no provider credit),Safety,not run (no provider credit),critical,not run (no provider credit),true,SAF-POL-01,Match,python_only,"GenAI not run (no provider credit); Python rule matrix is the verified result. Basis: rule RR-008, escalation rules ESC-SAF-01."
CMP-00239,DS-0239,simple,Delivery,not run (no provider credit),Delivery,not run (no provider credit),Logistics,not run (no provider credit),medium,not run (no provider credit),false,DEL-POL-04,Match,python_only,GenAI not run (no provider credit); Python rule matrix is the verified result. Basis: rule RR-001.
CMP-00240,DS-0240,incomplete,Delivery,not run (no provider credit),Delivery,not run (no provider credit),Logistics,not run (no provider credit),medium,not run (no provider credit),false,DEL-POL-04,Match,python_only,GenAI not run (no provider credit); Python rule matrix is the verified result. Basis: rule RR-001.
CMP-00241,DS-0241,low_priority,Product Defect,not run (no provider credit),Product Defect,not run (no provider credit),Warranty,not run (no provider credit),low,not run (no provider credit),false,WAR-POL-03,Match,python_only,GenAI not run (no provider credit); Python rule matrix is the verified result. Basis: rule RR-121.
CMP-00242,DS-0242,high_priority,Technical Support,not run (no provider credit),Technical Support,not run (no provider credit),Technical Support,not run (no provider credit),high,not run (no provider credit),true,TEC-SOP-02,Match,python_only,"GenAI not run (no provider credit); Python rule matrix is the verified result. Basis: rule RR-011, escalation rules ESC-FAIL-01."
CMP-00243,DS-0243,simple,Delivery,not run (no provider credit),Delivery,not run (no provider credit),Logistics,not run (no provider credit),medium,not run (no provider credit),false,DEL-POL-04,Match,python_only,GenAI not run (no provider credit); Python rule matrix is the verified result. Basis: rule RR-001.
CMP-00244,DS-0244,simple,Billing,not run (no provider credit),Billing,not run (no provider credit),Billing,not run (no provider credit),medium,not run (no provider credit),false,BIL-POL-02,Match,python_only,GenAI not run (no provider credit); Python rule matrix is the verified result. Basis: rule RR-004.
CMP-00245,DS-0245,prompt_injection,Delivery,not run (no provider credit),Delivery,not run (no provider credit),Logistics,not run (no provider credit),medium,not run (no provider credit),false,DEL-POL-04,Match,python_only,GenAI not run (no provider credit); Python rule matrix is the verified result. Basis: rule RR-001.
CMP-00246,DS-0246,prompt_injection,Delivery,not run (no provider credit),Delivery,not run (no provider credit),Logistics,not run (no provider credit),medium,not run (no provider credit),false,DEL-POL-04,Match,python_only,GenAI not run (no provider credit); Python rule matrix is the verified result. Basis: rule RR-001.
CMP-00247,DS-0247,simple,Warranty,not run (no provider credit),Warranty,not run (no provider credit),Warranty,not run (no provider credit),medium,not run (no provider credit),false,WAR-POL-03,Match,python_only,GenAI not run (no provider credit); Python rule matrix is the verified result. Basis: rule RR-012.
CMP-00248,DS-0248,emotional,Product Defect,not run (no provider credit),Product Defect,not run (no provider credit),Warranty,not run (no provider credit),high,not run (no provider credit),false,WAR-POL-03,Match,python_only,GenAI not run (no provider credit); Python rule matrix is the verified result. Basis: rule RR-006.
CMP-00249,DS-0249,security,Account,not run (no provider credit),Account,not run (no provider credit),Account Security,not run (no provider credit),high,not run (no provider credit),true,SEC-POL-01,Match,python_only,"GenAI not run (no provider credit); Python rule matrix is the verified result. Basis: rule RR-170, escalation rules ESC-X-09."
CMP-00250,DS-0250,simple,Delivery,not run (no provider credit),Delivery,not run (no provider credit),Logistics,not run (no provider credit),high,not run (no provider credit),false,DEL-POL-04,Match,python_only,GenAI not run (no provider credit); Python rule matrix is the verified result. Basis: rule RR-002.
CMP-00251,DS-0251,simple,Billing,not run (no provider credit),Billing,not run (no provider credit),Billing,not run (no provider credit),medium,not run (no provider credit),false,BIL-POL-02,Match,python_only,GenAI not run (no provider credit); Python rule matrix is the verified result. Basis: rule RR-019.
CMP-00252,DS-0252,security,Account,not run (no provider credit),Account,not run (no provider credit),Account Security,not run (no provider credit),high,not run (no provider credit),true,SEC-POL-01,Match,python_only,"GenAI not run (no provider credit); Python rule matrix is the verified result. Basis: rule RR-010, escalation rules ESC-SEC-01."
CMP-00253,DS-0253,simple,Product Defect,not run (no provider credit),Product Defect,not run (no provider credit),Warranty,not run (no provider credit),high,not run (no provider credit),false,WAR-POL-03,Match,python_only,GenAI not run (no provider credit); Python rule matrix is the verified result. Basis: rule RR-155.
CMP-00254,DS-0254,multi_issue,Safety,not run (no provider credit),Safety,not run (no provider credit),Safety,not run (no provider credit),critical,not run (no provider credit),true,SAF-POL-01,Match,python_only,"GenAI not run (no provider credit); Python rule matrix is the verified result. Basis: rule RR-008, escalation rules ESC-SAF-01."
CMP-00255,DS-0255,multi_issue,Delivery,not run (no provider credit),Delivery,not run (no provider credit),Logistics,not run (no provider credit),high,not run (no provider credit),false,DEL-POL-04,Match,python_only,GenAI not run (no provider credit); Python rule matrix is the verified result. Basis: rule RR-002.
CMP-00256,DS-0256,policy_exception,Warranty,not run (no provider credit),Warranty,not run (no provider credit),Warranty,not run (no provider credit),medium,not run (no provider credit),true,WAR-POL-03,Match,python_only,"GenAI not run (no provider credit); Python rule matrix is the verified result. Basis: rule RR-012, escalation rules ESC-POL-01."
CMP-00257,DS-0257,low_priority,Refund,not run (no provider credit),Refund,not run (no provider credit),Returns,not run (no provider credit),low,not run (no provider credit),false,REF-POL-01,Match,python_only,GenAI not run (no provider credit); Python rule matrix is the verified result. Basis: rule RR-018.
CMP-00258,DS-0258,simple,Product Defect,not run (no provider credit),Product Defect,not run (no provider credit),Warranty,not run (no provider credit),high,not run (no provider credit),false,WAR-POL-03,Match,python_only,GenAI not run (no provider credit); Python rule matrix is the verified result. Basis: rule RR-007.
CMP-00259,DS-0259,simple,Cancellation,not run (no provider credit),Cancellation,not run (no provider credit),Billing,not run (no provider credit),medium,not run (no provider credit),false,CAN-POL-01,Match,python_only,GenAI not run (no provider credit); Python rule matrix is the verified result. Basis: rule RR-014.
CMP-00260,DS-0260,high_priority,Delivery,not run (no provider credit),Delivery,not run (no provider credit),Logistics,not run (no provider credit),high,not run (no provider credit),true,DEL-POL-04,Match,python_only,"GenAI not run (no provider credit); Python rule matrix is the verified result. Basis: rule RR-002, escalation rules ESC-CRIT-01."
CMP-00261,DS-0261,high_value,Billing,not run (no provider credit),Billing,not run (no provider credit),Billing,not run (no provider credit),high,not run (no provider credit),true,BIL-POL-02,Match,python_only,"GenAI not run (no provider credit); Python rule matrix is the verified result. Basis: rule RR-004, escalation rules ESC-HIGH-VALUE."
CMP-00262,DS-0262,contradictory_policy,Delivery,not run (no provider credit),Delivery,not run (no provider credit),Logistics,not run (no provider credit),medium,not run (no provider credit),false,DEL-POL-04,Match,python_only,GenAI not run (no provider credit); Python rule matrix is the verified result. Basis: rule RR-001.
CMP-00263,DS-0263,emotional,Refund,not run (no provider credit),Refund,not run (no provider credit),Returns,not run (no provider credit),medium,not run (no provider credit),false,REF-POL-01,Match,python_only,GenAI not run (no provider credit); Python rule matrix is the verified result. Basis: rule RR-005.
CMP-00264,DS-0264,vip_minor,Product Defect,not run (no provider credit),Product Defect,not run (no provider credit),Warranty,not run (no provider credit),low,not run (no provider credit),false,WAR-POL-03,Match,python_only,GenAI not run (no provider credit); Python rule matrix is the verified result. Basis: rule RR-121.
CMP-00265,DS-0265,simple,Cancellation,not run (no provider credit),Cancellation,not run (no provider credit),Billing,not run (no provider credit),medium,not run (no provider credit),false,CAN-POL-01,Match,python_only,GenAI not run (no provider credit); Python rule matrix is the verified result. Basis: rule RR-014.
CMP-00266,DS-0266,simple,Billing,not run (no provider credit),Billing,not run (no provider credit),Billing,not run (no provider credit),medium,not run (no provider credit),false,REF-POL-01,Match,python_only,GenAI not run (no provider credit); Python rule matrix is the verified result. Basis: rule RR-141.
CMP-00267,DS-0267,simple,Billing,not run (no provider credit),Billing,not run (no provider credit),Billing,not run (no provider credit),low,not run (no provider credit),false,BIL-POL-02,Match,python_only,GenAI not run (no provider credit); Python rule matrix is the verified result. Basis: rule RR-137.
CMP-00268,DS-0268,simple,Product Defect,not run (no provider credit),Product Defect,not run (no provider credit),Warranty,not run (no provider credit),high,not run (no provider credit),false,WAR-POL-03,Match,python_only,GenAI not run (no provider credit); Python rule matrix is the verified result. Basis: rule RR-007.
CMP-00269,DS-0269,emotional,Staff Behavior,not run (no provider credit),Staff Behavior,not run (no provider credit),Customer Relations,not run (no provider credit),medium,not run (no provider credit),false,REL-SOP-01,Match,python_only,GenAI not run (no provider credit); Python rule matrix is the verified result. Basis: rule RR-013.
CMP-00270,DS-0270,simple,Refund,not run (no provider credit),Refund,not run (no provider credit),Returns,not run (no provider credit),low,not run (no provider credit),false,REF-POL-01,Match,python_only,GenAI not run (no provider credit); Python rule matrix is the verified result. Basis: rule RR-018.
CMP-00271,DS-0271,simple,Product Defect,not run (no provider credit),Product Defect,not run (no provider credit),Warranty,not run (no provider credit),high,not run (no provider credit),false,WAR-POL-03,Match,python_only,GenAI not run (no provider credit); Python rule matrix is the verified result. Basis: rule RR-155.
CMP-00272,DS-0272,prompt_injection,Warranty,not run (no provider credit),Warranty,not run (no provider credit),Warranty,not run (no provider credit),medium,not run (no provider credit),false,WAR-POL-03,Match,python_only,GenAI not run (no provider credit); Python rule matrix is the verified result. Basis: rule RR-012.
CMP-00273,DS-0273,near_duplicate,Technical Support,not run (no provider credit),Technical Support,not run (no provider credit),Technical Support,not run (no provider credit),low,not run (no provider credit),false,TEC-SOP-02,Match,python_only,"GenAI not run (no provider credit); Python rule matrix is the verified result. Basis: rule RR-020, repeat of CMP-00195."
CMP-00274,DS-0274,simple,Billing,not run (no provider credit),Billing,not run (no provider credit),Billing,not run (no provider credit),medium,not run (no provider credit),false,BIL-POL-02,Match,python_only,GenAI not run (no provider credit); Python rule matrix is the verified result. Basis: rule RR-004.
CMP-00275,DS-0275,policy_exception,Warranty,not run (no provider credit),Warranty,not run (no provider credit),Warranty,not run (no provider credit),medium,not run (no provider credit),true,WAR-POL-03,Match,python_only,"GenAI not run (no provider credit); Python rule matrix is the verified result. Basis: rule RR-012, escalation rules ESC-POL-01."
CMP-00276,DS-0276,repeated,Service Quality,not run (no provider credit),Service Quality,not run (no provider credit),Customer Relations,not run (no provider credit),high,not run (no provider credit),true,CMP-POL-01,Match,python_only,"GenAI not run (no provider credit); Python rule matrix is the verified result. Basis: rule RR-123, escalation rules ESC-REP-01, repeat of CMP-00149, CMP-00164."
CMP-00277,DS-0277,low_priority,Product Defect,not run (no provider credit),Product Defect,not run (no provider credit),Warranty,not run (no provider credit),low,not run (no provider credit),false,WAR-POL-03,Match,python_only,GenAI not run (no provider credit); Python rule matrix is the verified result. Basis: rule RR-121.
CMP-00278,DS-0278,calm_critical,Privacy,not run (no provider credit),Privacy,not run (no provider credit),Compliance,not run (no provider credit),high,not run (no provider credit),true,PRI-POL-01,Match,python_only,"GenAI not run (no provider credit); Python rule matrix is the verified result. Basis: rule RR-009, escalation rules ESC-PRI-02."
CMP-00279,DS-0279,safety,Safety,not run (no provider credit),Safety,not run (no provider credit),Safety,not run (no provider credit),critical,not run (no provider credit),true,SAF-POL-01,Match,python_only,"GenAI not run (no provider credit); Python rule matrix is the verified result. Basis: rule RR-008, escalation rules ESC-SAF-01, ESC-SAF-05."
CMP-00280,DS-0280,simple,Delivery,not run (no provider credit),Delivery,not run (no provider credit),Logistics,not run (no provider credit),high,not run (no provider credit),false,DEL-POL-04,Match,python_only,GenAI not run (no provider credit); Python rule matrix is the verified result. Basis: rule RR-016.
CMP-00281,DS-0281,high_priority,Technical Support,not run (no provider credit),Technical Support,not run (no provider credit),Technical Support,not run (no provider credit),high,not run (no provider credit),true,TEC-SOP-02,Match,python_only,"GenAI not run (no provider credit); Python rule matrix is the verified result. Basis: rule RR-178, escalation rules ESC-FAIL-01."
CMP-00282,DS-0282,simple,Billing,not run (no provider credit),Billing,not run (no provider credit),Billing,not run (no provider credit),medium,not run (no provider credit),false,BIL-POL-02,Match,python_only,GenAI not run (no provider credit); Python rule matrix is the verified result. Basis: rule RR-019.
CMP-00283,DS-0283,calm_critical,Safety,not run (no provider credit),Safety,not run (no provider credit),Safety,not run (no provider credit),critical,not run (no provider credit),true,SAF-POL-01,Match,python_only,"GenAI not run (no provider credit); Python rule matrix is the verified result. Basis: rule RR-008, escalation rules ESC-SAF-01."
CMP-00284,DS-0284,emotional,Delivery,not run (no provider credit),Delivery,not run (no provider credit),Logistics,not run (no provider credit),medium,not run (no provider credit),false,DEL-POL-04,Match,python_only,GenAI not run (no provider credit); Python rule matrix is the verified result. Basis: rule RR-001.
CMP-00285,DS-0285,simple,Billing,not run (no provider credit),Billing,not run (no provider credit),Billing,not run (no provider credit),high,not run (no provider credit),false,BIL-POL-02,Match,python_only,GenAI not run (no provider credit); Python rule matrix is the verified result. Basis: rule RR-003.
CMP-00286,DS-0286,calm_critical,Safety,not run (no provider credit),Safety,not run (no provider credit),Safety,not run (no provider credit),critical,not run (no provider credit),true,SAF-POL-01,Match,python_only,GenAI not run (no provider credit); Python rule matrix is the verified result. Basis: rule RR-021.
CMP-00287,DS-0287,simple,Staff Behavior,not run (no provider credit),Staff Behavior,not run (no provider credit),Customer Relations,not run (no provider credit),medium,not run (no provider credit),false,REL-SOP-01,Match,python_only,GenAI not run (no provider credit); Python rule matrix is the verified result. Basis: rule RR-013.
CMP-00288,DS-0288,incomplete,Product Defect,not run (no provider credit),Product Defect,not run (no provider credit),Warranty,not run (no provider credit),high,not run (no provider credit),false,WAR-POL-03,Match,python_only,GenAI not run (no provider credit); Python rule matrix is the verified result. Basis: rule RR-006.
CMP-00289,DS-0289,security,Account,not run (no provider credit),Account,not run (no provider credit),Account Security,not run (no provider credit),high,not run (no provider credit),true,SEC-POL-01,Match,python_only,"GenAI not run (no provider credit); Python rule matrix is the verified result. Basis: rule RR-171, escalation rules ESC-SEC-01, ESC-SEC-02."
CMP-00290,DS-0290,simple,Delivery,not run (no provider credit),Delivery,not run (no provider credit),Logistics,not run (no provider credit),high,not run (no provider credit),false,DEL-POL-04,Match,python_only,GenAI not run (no provider credit); Python rule matrix is the verified result. Basis: rule RR-002.
CMP-00291,DS-0291,emotional,Refund,not run (no provider credit),Refund,not run (no provider credit),Returns,not run (no provider credit),medium,not run (no provider credit),false,REF-POL-01,Match,python_only,GenAI not run (no provider credit); Python rule matrix is the verified result. Basis: rule RR-005.
CMP-00292,DS-0292,simple,Billing,not run (no provider credit),Billing,not run (no provider credit),Billing,not run (no provider credit),medium,not run (no provider credit),false,BIL-POL-02,Match,python_only,GenAI not run (no provider credit); Python rule matrix is the verified result. Basis: rule RR-144.
CMP-00293,DS-0293,simple,Service Quality,not run (no provider credit),Service Quality,not run (no provider credit),Customer Relations,not run (no provider credit),low,not run (no provider credit),false,SLA-POL-01,Match,python_only,GenAI not run (no provider credit); Python rule matrix is the verified result. Basis: rule RR-015.
CMP-00294,DS-0294,near_duplicate,Warranty,not run (no provider credit),Warranty,not run (no provider credit),Warranty,not run (no provider credit),medium,not run (no provider credit),false,WAR-POL-03,Match,python_only,"GenAI not run (no provider credit); Python rule matrix is the verified result. Basis: rule RR-012, repeat of CMP-00247."
CMP-00295,DS-0295,high_value,Billing,not run (no provider credit),Billing,not run (no provider credit),Billing,not run (no provider credit),high,not run (no provider credit),true,BIL-POL-02,Match,python_only,"GenAI not run (no provider credit); Python rule matrix is the verified result. Basis: rule RR-003, escalation rules ESC-HIGH-01, ESC-HIGH-VALUE."
CMP-00296,DS-0296,near_duplicate,Product Defect,not run (no provider credit),Product Defect,not run (no provider credit),Warranty,not run (no provider credit),high,not run (no provider credit),false,WAR-POL-03,Match,python_only,"GenAI not run (no provider credit); Python rule matrix is the verified result. Basis: rule RR-007, repeat of CMP-00107."
CMP-00297,DS-0297,simple,Billing,not run (no provider credit),Billing,not run (no provider credit),Billing,not run (no provider credit),medium,not run (no provider credit),false,BIL-POL-02,Match,python_only,GenAI not run (no provider credit); Python rule matrix is the verified result. Basis: rule RR-004.
CMP-00298,DS-0298,legal_threat,Staff Behavior,not run (no provider credit),Staff Behavior,not run (no provider credit),Customer Relations,not run (no provider credit),high,not run (no provider credit),true,REL-SOP-01,Match,python_only,"GenAI not run (no provider credit); Python rule matrix is the verified result. Basis: rule RR-013, escalation rules ESC-LEG-01, ESC-X-11."
CMP-00299,DS-0299,calm_critical,Safety,not run (no provider credit),Safety,not run (no provider credit),Safety,not run (no provider credit),critical,not run (no provider credit),true,SAF-POL-01,Match,python_only,"GenAI not run (no provider credit); Python rule matrix is the verified result. Basis: rule RR-008, escalation rules ESC-SAF-01."
CMP-00300,DS-0300,calm_critical,Account,not run (no provider credit),Account,not run (no provider credit),Account Security,not run (no provider credit),high,not run (no provider credit),true,SEC-POL-01,Match,python_only,"GenAI not run (no provider credit); Python rule matrix is the verified result. Basis: rule RR-010, escalation rules ESC-SEC-01."
CMP-00301,DS-0301,multi_issue,Safety,not run (no provider credit),Safety,not run (no provider credit),Safety,not run (no provider credit),critical,not run (no provider credit),true,SAF-POL-01,Match,python_only,"GenAI not run (no provider credit); Python rule matrix is the verified result. Basis: rule RR-008, escalation rules ESC-SAF-01."
CMP-00302,DS-0302,security,Account,not run (no provider credit),Account,not run (no provider credit),Account Security,not run (no provider credit),high,not run (no provider credit),true,SEC-POL-01,Match,python_only,"GenAI not run (no provider credit); Python rule matrix is the verified result. Basis: rule RR-010, escalation rules ESC-SEC-01."
CMP-00303,DS-0303,security,Account,not run (no provider credit),Account,not run (no provider credit),Account Security,not run (no provider credit),medium,not run (no provider credit),false,SEC-POL-01,Match,python_only,GenAI not run (no provider credit); Python rule matrix is the verified result. Basis: rule RR-017.
CMP-00304,DS-0304,simple,Service Quality,not run (no provider credit),Service Quality,not run (no provider credit),Customer Relations,not run (no provider credit),low,not run (no provider credit),false,SLA-POL-01,Match,python_only,GenAI not run (no provider credit); Python rule matrix is the verified result. Basis: rule RR-015.
CMP-00305,DS-0305,simple,Billing,not run (no provider credit),Billing,not run (no provider credit),Billing,not run (no provider credit),high,not run (no provider credit),false,BIL-POL-02,Match,python_only,GenAI not run (no provider credit); Python rule matrix is the verified result. Basis: rule RR-003.
CMP-00306,DS-0306,low_value_privacy,Privacy,not run (no provider credit),Privacy,not run (no provider credit),Compliance,not run (no provider credit),high,not run (no provider credit),true,PRI-POL-01,Match,python_only,"GenAI not run (no provider credit); Python rule matrix is the verified result. Basis: rule RR-165, escalation rules ESC-PRI-02."
CMP-00307,DS-0307,simple,Warranty,not run (no provider credit),Warranty,not run (no provider credit),Warranty,not run (no provider credit),medium,not run (no provider credit),false,WAR-POL-03,Match,python_only,GenAI not run (no provider credit); Python rule matrix is the verified result. Basis: rule RR-012.
CMP-00308,DS-0308,incomplete,Safety,not run (no provider credit),Safety,not run (no provider credit),Safety,not run (no provider credit),critical,not run (no provider credit),true,SAF-POL-01,Match,python_only,"GenAI not run (no provider credit); Python rule matrix is the verified result. Basis: rule RR-008, escalation rules ESC-SAF-01."
CMP-00309,DS-0309,emotional,Refund,not run (no provider credit),Refund,not run (no provider credit),Returns,not run (no provider credit),medium,not run (no provider credit),false,REF-POL-01,Match,python_only,GenAI not run (no provider credit); Python rule matrix is the verified result. Basis: rule RR-005.
CMP-00310,DS-0310,simple,Staff Behavior,not run (no provider credit),Staff Behavior,not run (no provider credit),Customer Relations,not run (no provider credit),medium,not run (no provider credit),false,REL-SOP-01,Match,python_only,GenAI not run (no provider credit); Python rule matrix is the verified result. Basis: rule RR-013.
CMP-00311,DS-0311,low_priority,Technical Support,not run (no provider credit),Technical Support,not run (no provider credit),Technical Support,not run (no provider credit),low,not run (no provider credit),false,TEC-SOP-02,Match,python_only,GenAI not run (no provider credit); Python rule matrix is the verified result. Basis: rule RR-020.
CMP-00312,DS-0312,simple,Staff Behavior,not run (no provider credit),Staff Behavior,not run (no provider credit),Customer Relations,not run (no provider credit),medium,not run (no provider credit),false,REL-SOP-01,Match,python_only,GenAI not run (no provider credit); Python rule matrix is the verified result. Basis: rule RR-013.
CMP-00313,DS-0313,simple,Delivery,not run (no provider credit),Delivery,not run (no provider credit),Logistics,not run (no provider credit),high,not run (no provider credit),false,DEL-POL-04,Match,python_only,GenAI not run (no provider credit); Python rule matrix is the verified result. Basis: rule RR-002.
CMP-00314,DS-0314,low_priority,Product Defect,not run (no provider credit),Product Defect,not run (no provider credit),Warranty,not run (no provider credit),low,not run (no provider credit),false,WAR-POL-03,Match,python_only,GenAI not run (no provider credit); Python rule matrix is the verified result. Basis: rule RR-121.
CMP-00315,DS-0315,security,Account,not run (no provider credit),Account,not run (no provider credit),Account Security,not run (no provider credit),high,not run (no provider credit),true,SEC-POL-01,Match,python_only,"GenAI not run (no provider credit); Python rule matrix is the verified result. Basis: rule RR-170, escalation rules ESC-SEC-01."
CMP-00316,DS-0316,prompt_injection,Account,not run (no provider credit),Account,not run (no provider credit),Account Security,not run (no provider credit),high,not run (no provider credit),true,SEC-POL-01,Match,python_only,"GenAI not run (no provider credit); Python rule matrix is the verified result. Basis: rule RR-010, escalation rules ESC-SEC-01, ESC-SEC-02."
CMP-00317,DS-0317,multi_issue,Privacy,not run (no provider credit),Privacy,not run (no provider credit),Compliance,not run (no provider credit),high,not run (no provider credit),true,PRI-POL-01,Match,python_only,"GenAI not run (no provider credit); Python rule matrix is the verified result. Basis: rule RR-009, escalation rules ESC-PRI-02."
CMP-00318,DS-0318,incomplete,Billing,not run (no provider credit),Billing,not run (no provider credit),Billing,not run (no provider credit),high,not run (no provider credit),false,BIL-POL-02,Match,python_only,GenAI not run (no provider credit); Python rule matrix is the verified result. Basis: rule RR-003.
CMP-00319,DS-0319,simple,Billing,not run (no provider credit),Billing,not run (no provider credit),Billing,not run (no provider credit),low,not run (no provider credit),false,BIL-POL-02,Match,python_only,GenAI not run (no provider credit); Python rule matrix is the verified result. Basis: rule RR-137.
CMP-00320,DS-0320,simple,Delivery,not run (no provider credit),Delivery,not run (no provider credit),Logistics,not run (no provider credit),medium,not run (no provider credit),false,DEL-POL-04,Match,python_only,GenAI not run (no provider credit); Python rule matrix is the verified result. Basis: rule RR-001.
CMP-00321,DS-0321,contradictory_policy,Warranty,not run (no provider credit),Warranty,not run (no provider credit),Warranty,not run (no provider credit),medium,not run (no provider credit),false,WAR-POL-03,Match,python_only,GenAI not run (no provider credit); Python rule matrix is the verified result. Basis: rule RR-012.
CMP-00322,DS-0322,low_value_privacy,Privacy,not run (no provider credit),Privacy,not run (no provider credit),Compliance,not run (no provider credit),high,not run (no provider credit),true,PRI-POL-01,Match,python_only,"GenAI not run (no provider credit); Python rule matrix is the verified result. Basis: rule RR-165, escalation rules ESC-PRI-02."
CMP-00323,DS-0323,emotional,Billing,not run (no provider credit),Billing,not run (no provider credit),Billing,not run (no provider credit),high,not run (no provider credit),false,BIL-POL-02,Match,python_only,GenAI not run (no provider credit); Python rule matrix is the verified result. Basis: rule RR-003.
CMP-00324,DS-0324,legal_threat,Delivery,not run (no provider credit),Delivery,not run (no provider credit),Logistics,not run (no provider credit),high,not run (no provider credit),true,DEL-POL-04,Match,python_only,"GenAI not run (no provider credit); Python rule matrix is the verified result. Basis: rule RR-002, escalation rules ESC-LEG-01."
CMP-00325,DS-0325,calm_critical,Privacy,not run (no provider credit),Privacy,not run (no provider credit),Compliance,not run (no provider credit),high,not run (no provider credit),true,PRI-POL-01,Match,python_only,"GenAI not run (no provider credit); Python rule matrix is the verified result. Basis: rule RR-009, escalation rules ESC-PRI-02."
CMP-00326,DS-0326,contradictory_policy,Refund,not run (no provider credit),Refund,not run (no provider credit),Returns,not run (no provider credit),medium,not run (no provider credit),false,REF-POL-01,Match,python_only,GenAI not run (no provider credit); Python rule matrix is the verified result. Basis: rule RR-200.
CMP-00327,DS-0327,incomplete,Delivery,not run (no provider credit),Delivery,not run (no provider credit),Logistics,not run (no provider credit),medium,not run (no provider credit),false,DEL-POL-04,Match,python_only,GenAI not run (no provider credit); Python rule matrix is the verified result. Basis: rule RR-001.
CMP-00328,DS-0328,simple,Delivery,not run (no provider credit),Delivery,not run (no provider credit),Logistics,not run (no provider credit),medium,not run (no provider credit),false,DEL-POL-04,Match,python_only,GenAI not run (no provider credit); Python rule matrix is the verified result. Basis: rule RR-001.
CMP-00329,DS-0329,repeated,Service Quality,not run (no provider credit),Service Quality,not run (no provider credit),Customer Relations,not run (no provider credit),high,not run (no provider credit),true,CMP-POL-01,Match,python_only,"GenAI not run (no provider credit); Python rule matrix is the verified result. Basis: rule RR-123, escalation rules ESC-REP-01, repeat of CMP-00247, CMP-00294."
CMP-00330,DS-0330,simple,Cancellation,not run (no provider credit),Cancellation,not run (no provider credit),Billing,not run (no provider credit),medium,not run (no provider credit),false,CAN-POL-01,Match,python_only,GenAI not run (no provider credit); Python rule matrix is the verified result. Basis: rule RR-014.
CMP-00331,DS-0331,safety,Safety,not run (no provider credit),Safety,not run (no provider credit),Safety,not run (no provider credit),critical,not run (no provider credit),true,SAF-POL-01,Match,python_only,GenAI not run (no provider credit); Python rule matrix is the verified result. Basis: rule RR-021.
CMP-00332,DS-0332,simple,Technical Support,not run (no provider credit),Technical Support,not run (no provider credit),Technical Support,not run (no provider credit),low,not run (no provider credit),false,TEC-SOP-02,Match,python_only,GenAI not run (no provider credit); Python rule matrix is the verified result. Basis: rule RR-020.
CMP-00333,DS-0333,security,Account,not run (no provider credit),Account,not run (no provider credit),Account Security,not run (no provider credit),high,not run (no provider credit),true,SEC-POL-01,Match,python_only,"GenAI not run (no provider credit); Python rule matrix is the verified result. Basis: rule RR-172, escalation rules ESC-SEC-01, ESC-SEC-02."
CMP-00334,DS-0334,unsupported_refund,Cancellation,not run (no provider credit),Cancellation,not run (no provider credit),Billing,not run (no provider credit),medium,not run (no provider credit),false,CAN-POL-01,Match,python_only,GenAI not run (no provider credit); Python rule matrix is the verified result. Basis: rule RR-014.
CMP-00335,DS-0335,prompt_injection,Delivery,not run (no provider credit),Delivery,not run (no provider credit),Logistics,not run (no provider credit),high,not run (no provider credit),false,DEL-POL-04,Match,python_only,GenAI not run (no provider credit); Python rule matrix is the verified result. Basis: rule RR-016.
CMP-00336,DS-0336,contradictory_policy,Refund,not run (no provider credit),Refund,not run (no provider credit),Returns,not run (no provider credit),medium,not run (no provider credit),false,REF-POL-01,Match,python_only,GenAI not run (no provider credit); Python rule matrix is the verified result. Basis: rule RR-200.
CMP-00337,DS-0337,low_priority,Service Quality,not run (no provider credit),Service Quality,not run (no provider credit),Customer Relations,not run (no provider credit),low,not run (no provider credit),false,SLA-POL-01,Match,python_only,GenAI not run (no provider credit); Python rule matrix is the verified result. Basis: rule RR-015.
CMP-00338,DS-0338,simple,Service Quality,not run (no provider credit),Service Quality,not run (no provider credit),Customer Relations,not run (no provider credit),low,not run (no provider credit),false,SLA-POL-01,Match,python_only,GenAI not run (no provider credit); Python rule matrix is the verified result. Basis: rule RR-015.
CMP-00339,DS-0339,simple,Technical Support,not run (no provider credit),Technical Support,not run (no provider credit),Technical Support,not run (no provider credit),low,not run (no provider credit),false,TEC-SOP-02,Match,python_only,GenAI not run (no provider credit); Python rule matrix is the verified result. Basis: rule RR-020.
CMP-00340,DS-0340,simple,Billing,not run (no provider credit),Billing,not run (no provider credit),Billing,not run (no provider credit),high,not run (no provider credit),false,BIL-POL-02,Match,python_only,GenAI not run (no provider credit); Python rule matrix is the verified result. Basis: rule RR-003.
CMP-00341,DS-0341,safety,Safety,not run (no provider credit),Safety,not run (no provider credit),Safety,not run (no provider credit),critical,not run (no provider credit),true,SAF-POL-01,Match,python_only,"GenAI not run (no provider credit); Python rule matrix is the verified result. Basis: rule RR-008, escalation rules ESC-SAF-01."
CMP-00342,DS-0342,contradictory_policy,Delivery,not run (no provider credit),Delivery,not run (no provider credit),Logistics,not run (no provider credit),medium,not run (no provider credit),false,DEL-POL-04,Match,python_only,GenAI not run (no provider credit); Python rule matrix is the verified result. Basis: rule RR-001.
CMP-00343,DS-0343,safety,Safety,not run (no provider credit),Safety,not run (no provider credit),Safety,not run (no provider credit),critical,not run (no provider credit),true,SAF-POL-01,Match,python_only,"GenAI not run (no provider credit); Python rule matrix is the verified result. Basis: rule RR-008, escalation rules ESC-SAF-01, ESC-X-23."
CMP-00344,DS-0344,multi_issue,Refund,not run (no provider credit),Refund,not run (no provider credit),Returns,not run (no provider credit),medium,not run (no provider credit),false,REF-POL-01,Match,python_only,GenAI not run (no provider credit); Python rule matrix is the verified result. Basis: rule RR-005.
CMP-00345,DS-0345,near_duplicate,Technical Support,not run (no provider credit),Technical Support,not run (no provider credit),Technical Support,not run (no provider credit),medium,not run (no provider credit),false,TEC-SOP-02,Match,python_only,"GenAI not run (no provider credit); Python rule matrix is the verified result. Basis: rule RR-011, repeat of CMP-00141."
CMP-00346,DS-0346,incomplete,Refund,not run (no provider credit),Refund,not run (no provider credit),Returns,not run (no provider credit),medium,not run (no provider credit),false,REF-POL-01,Match,python_only,GenAI not run (no provider credit); Python rule matrix is the verified result. Basis: rule RR-005.
CMP-00347,DS-0347,vip_minor,Technical Support,not run (no provider credit),Technical Support,not run (no provider credit),Technical Support,not run (no provider credit),low,not run (no provider credit),false,TEC-SOP-02,Match,python_only,GenAI not run (no provider credit); Python rule matrix is the verified result. Basis: rule RR-020.
CMP-00348,DS-0348,simple,Refund,not run (no provider credit),Refund,not run (no provider credit),Returns,not run (no provider credit),low,not run (no provider credit),false,REF-POL-01,Match,python_only,GenAI not run (no provider credit); Python rule matrix is the verified result. Basis: rule RR-018.
CMP-00349,DS-0349,simple,Delivery,not run (no provider credit),Delivery,not run (no provider credit),Logistics,not run (no provider credit),medium,not run (no provider credit),false,DEL-POL-04,Match,python_only,GenAI not run (no provider credit); Python rule matrix is the verified result. Basis: rule RR-001.
CMP-00350,DS-0350,policy_exception,Warranty,not run (no provider credit),Warranty,not run (no provider credit),Warranty,not run (no provider credit),medium,not run (no provider credit),true,WAR-POL-03,Match,python_only,"GenAI not run (no provider credit); Python rule matrix is the verified result. Basis: rule RR-012, escalation rules ESC-POL-01."
CMP-00351,DS-0351,prompt_injection,Billing,not run (no provider credit),Billing,not run (no provider credit),Billing,not run (no provider credit),high,not run (no provider credit),false,BIL-POL-02,Match,python_only,GenAI not run (no provider credit); Python rule matrix is the verified result. Basis: rule RR-003.
CMP-00352,DS-0352,emotional,Refund,not run (no provider credit),Refund,not run (no provider credit),Returns,not run (no provider credit),medium,not run (no provider credit),false,REF-POL-01,Match,python_only,GenAI not run (no provider credit); Python rule matrix is the verified result. Basis: rule RR-005.
CMP-00353,DS-0353,simple,Technical Support,not run (no provider credit),Technical Support,not run (no provider credit),Technical Support,not run (no provider credit),medium,not run (no provider credit),false,TEC-SOP-02,Match,python_only,GenAI not run (no provider credit); Python rule matrix is the verified result. Basis: rule RR-011.
CMP-00354,DS-0354,simple,Billing,not run (no provider credit),Billing,not run (no provider credit),Billing,not run (no provider credit),low,not run (no provider credit),false,BIL-POL-02,Match,python_only,GenAI not run (no provider credit); Python rule matrix is the verified result. Basis: rule RR-137.
CMP-00355,DS-0355,high_priority,Delivery,not run (no provider credit),Delivery,not run (no provider credit),Logistics,not run (no provider credit),high,not run (no provider credit),false,DEL-POL-04,Match,python_only,GenAI not run (no provider credit); Python rule matrix is the verified result. Basis: rule RR-016.
CMP-00356,DS-0356,simple,Billing,not run (no provider credit),Billing,not run (no provider credit),Billing,not run (no provider credit),medium,not run (no provider credit),false,REF-POL-01,Match,python_only,GenAI not run (no provider credit); Python rule matrix is the verified result. Basis: rule RR-141.
CMP-00357,DS-0357,safety,Safety,not run (no provider credit),Safety,not run (no provider credit),Safety,not run (no provider credit),critical,not run (no provider credit),true,SAF-POL-01,Match,python_only,"GenAI not run (no provider credit); Python rule matrix is the verified result. Basis: rule RR-021, escalation rules ESC-SAF-02."
CMP-00358,DS-0358,simple,Warranty,not run (no provider credit),Warranty,not run (no provider credit),Warranty,not run (no provider credit),medium,not run (no provider credit),false,WAR-POL-03,Match,python_only,GenAI not run (no provider credit); Python rule matrix is the verified result. Basis: rule RR-185.
CMP-00359,DS-0359,high_priority,Delivery,not run (no provider credit),Delivery,not run (no provider credit),Logistics,not run (no provider credit),high,not run (no provider credit),false,DEL-POL-04,Match,python_only,GenAI not run (no provider credit); Python rule matrix is the verified result. Basis: rule RR-016.
CMP-00360,DS-0360,multi_issue,Account,not run (no provider credit),Account,not run (no provider credit),Account Security,not run (no provider credit),high,not run (no provider credit),true,SEC-POL-01,Match,python_only,"GenAI not run (no provider credit); Python rule matrix is the verified result. Basis: rule RR-010, escalation rules ESC-SEC-01."
CMP-00361,DS-0361,simple,Billing,not run (no provider credit),Billing,not run (no provider credit),Billing,not run (no provider credit),high,not run (no provider credit),false,BIL-POL-02,Match,python_only,GenAI not run (no provider credit); Python rule matrix is the verified result. Basis: rule RR-003.
CMP-00362,DS-0362,vip_minor,Product Defect,not run (no provider credit),Product Defect,not run (no provider credit),Warranty,not run (no provider credit),low,not run (no provider credit),true,WAR-POL-03,Match,python_only,"GenAI not run (no provider credit); Python rule matrix is the verified result. Basis: rule RR-121, escalation rules ESC-VIP-01."
CMP-00363,DS-0363,simple,Staff Behavior,not run (no provider credit),Staff Behavior,not run (no provider credit),Customer Relations,not run (no provider credit),medium,not run (no provider credit),false,REL-SOP-01,Match,python_only,GenAI not run (no provider credit); Python rule matrix is the verified result. Basis: rule RR-013.
CMP-00364,DS-0364,near_duplicate,Billing,not run (no provider credit),Billing,not run (no provider credit),Billing,not run (no provider credit),medium,not run (no provider credit),false,BIL-POL-02,Match,python_only,"GenAI not run (no provider credit); Python rule matrix is the verified result. Basis: rule RR-004, repeat of CMP-00274."
CMP-00365,DS-0365,low_priority,Product Defect,not run (no provider credit),Product Defect,not run (no provider credit),Warranty,not run (no provider credit),low,not run (no provider credit),false,WAR-POL-03,Match,python_only,GenAI not run (no provider credit); Python rule matrix is the verified result. Basis: rule RR-121.
CMP-00366,DS-0366,safety,Safety,not run (no provider credit),Safety,not run (no provider credit),Safety,not run (no provider credit),critical,not run (no provider credit),true,SAF-POL-01,Match,python_only,"GenAI not run (no provider credit); Python rule matrix is the verified result. Basis: rule RR-158, escalation rules ESC-SAF-01, ESC-SAF-02, ESC-SAF-03."
CMP-00367,DS-0367,simple,Product Defect,not run (no provider credit),Product Defect,not run (no provider credit),Warranty,not run (no provider credit),high,not run (no provider credit),false,WAR-POL-03,Match,python_only,GenAI not run (no provider credit); Python rule matrix is the verified result. Basis: rule RR-007.
CMP-00368,DS-0368,unsupported_refund,Cancellation,not run (no provider credit),Cancellation,not run (no provider credit),Billing,not run (no provider credit),medium,not run (no provider credit),false,CAN-POL-01,Match,python_only,GenAI not run (no provider credit); Python rule matrix is the verified result. Basis: rule RR-014.
CMP-00369,DS-0369,safety,Safety,not run (no provider credit),Safety,not run (no provider credit),Safety,not run (no provider credit),critical,not run (no provider credit),true,SAF-POL-01,Match,python_only,"GenAI not run (no provider credit); Python rule matrix is the verified result. Basis: rule RR-021, escalation rules ESC-SAF-02."
CMP-00370,DS-0370,simple,Delivery,not run (no provider credit),Delivery,not run (no provider credit),Logistics,not run (no provider credit),medium,not run (no provider credit),false,DEL-POL-04,Match,python_only,GenAI not run (no provider credit); Python rule matrix is the verified result. Basis: rule RR-124.
CMP-00371,DS-0371,prompt_injection,Product Defect,not run (no provider credit),Product Defect,not run (no provider credit),Warranty,not run (no provider credit),high,not run (no provider credit),false,WAR-POL-03,Match,python_only,GenAI not run (no provider credit); Python rule matrix is the verified result. Basis: rule RR-006.
CMP-00372,DS-0372,simple,Billing,not run (no provider credit),Billing,not run (no provider credit),Billing,not run (no provider credit),medium,not run (no provider credit),false,BIL-POL-02,Match,python_only,GenAI not run (no provider credit); Python rule matrix is the verified result. Basis: rule RR-019.
CMP-00373,DS-0373,prompt_injection,Product Defect,not run (no provider credit),Product Defect,not run (no provider credit),Warranty,not run (no provider credit),high,not run (no provider credit),false,WAR-POL-03,Match,python_only,GenAI not run (no provider credit); Python rule matrix is the verified result. Basis: rule RR-006.
CMP-00374,DS-0374,policy_exception,Cancellation,not run (no provider credit),Cancellation,not run (no provider credit),Billing,not run (no provider credit),medium,not run (no provider credit),true,CAN-POL-01,Match,python_only,"GenAI not run (no provider credit); Python rule matrix is the verified result. Basis: rule RR-193, escalation rules ESC-POL-01."
CMP-00375,DS-0375,simple,Account,not run (no provider credit),Account,not run (no provider credit),Account Security,not run (no provider credit),medium,not run (no provider credit),false,SEC-POL-01,Match,python_only,GenAI not run (no provider credit); Python rule matrix is the verified result. Basis: rule RR-017.
CMP-00376,DS-0376,simple,Product Defect,not run (no provider credit),Product Defect,not run (no provider credit),Warranty,not run (no provider credit),medium,not run (no provider credit),false,WAR-POL-03,Match,python_only,GenAI not run (no provider credit); Python rule matrix is the verified result. Basis: rule RR-154.
CMP-00377,DS-0377,simple,Billing,not run (no provider credit),Billing,not run (no provider credit),Billing,not run (no provider credit),medium,not run (no provider credit),false,BIL-POL-02,Match,python_only,GenAI not run (no provider credit); Python rule matrix is the verified result. Basis: rule RR-004.
CMP-00378,DS-0378,low_priority,Product Defect,not run (no provider credit),Product Defect,not run (no provider credit),Warranty,not run (no provider credit),low,not run (no provider credit),false,WAR-POL-03,Match,python_only,GenAI not run (no provider credit); Python rule matrix is the verified result. Basis: rule RR-121.
CMP-00379,DS-0379,policy_exception,Refund,not run (no provider credit),Refund,not run (no provider credit),Returns,not run (no provider credit),low,not run (no provider credit),true,REF-POL-01,Match,python_only,"GenAI not run (no provider credit); Python rule matrix is the verified result. Basis: rule RR-018, escalation rules ESC-POL-01."
CMP-00380,DS-0380,legal_threat,Product Defect,not run (no provider credit),Product Defect,not run (no provider credit),Warranty,not run (no provider credit),high,not run (no provider credit),true,WAR-POL-03,Match,python_only,"GenAI not run (no provider credit); Python rule matrix is the verified result. Basis: rule RR-006, escalation rules ESC-LEG-01."
CMP-00381,DS-0381,incomplete,Account,not run (no provider credit),Account,not run (no provider credit),Account Security,not run (no provider credit),high,not run (no provider credit),true,SEC-POL-01,Match,python_only,"GenAI not run (no provider credit); Python rule matrix is the verified result. Basis: rule RR-010, escalation rules ESC-SEC-01."
CMP-00382,DS-0382,simple,Refund,not run (no provider credit),Refund,not run (no provider credit),Returns,not run (no provider credit),medium,not run (no provider credit),false,REF-POL-01,Match,python_only,GenAI not run (no provider credit); Python rule matrix is the verified result. Basis: rule RR-005.
CMP-00383,DS-0383,safety,Safety,not run (no provider credit),Safety,not run (no provider credit),Safety,not run (no provider credit),critical,not run (no provider credit),true,SAF-POL-01,Match,python_only,"GenAI not run (no provider credit); Python rule matrix is the verified result. Basis: rule RR-161, escalation rules ESC-SAF-01, ESC-SAF-05."
CMP-00384,DS-0384,policy_exception,Warranty,not run (no provider credit),Warranty,not run (no provider credit),Warranty,not run (no provider credit),medium,not run (no provider credit),true,WAR-POL-03,Match,python_only,"GenAI not run (no provider credit); Python rule matrix is the verified result. Basis: rule RR-012, escalation rules ESC-POL-01."
CMP-00385,DS-0385,multi_issue,Billing,not run (no provider credit),Billing,not run (no provider credit),Billing,not run (no provider credit),high,not run (no provider credit),false,BIL-POL-02,Match,python_only,GenAI not run (no provider credit); Python rule matrix is the verified result. Basis: rule RR-003.
CMP-00386,DS-0386,legal_threat,Product Defect,not run (no provider credit),Product Defect,not run (no provider credit),Warranty,not run (no provider credit),high,not run (no provider credit),true,WAR-POL-03,Match,python_only,"GenAI not run (no provider credit); Python rule matrix is the verified result. Basis: rule RR-155, escalation rules ESC-LEG-01."
CMP-00387,DS-0387,unsupported_refund,Refund,not run (no provider credit),Refund,not run (no provider credit),Returns,not run (no provider credit),medium,not run (no provider credit),false,REF-POL-01,Match,python_only,GenAI not run (no provider credit); Python rule matrix is the verified result. Basis: rule RR-122.
CMP-00388,DS-0388,simple,Refund,not run (no provider credit),Refund,not run (no provider credit),Returns,not run (no provider credit),medium,not run (no provider credit),false,REF-POL-01,Match,python_only,GenAI not run (no provider credit); Python rule matrix is the verified result. Basis: rule RR-005.
CMP-00389,DS-0389,security,Account,not run (no provider credit),Account,not run (no provider credit),Account Security,not run (no provider credit),medium,not run (no provider credit),false,SEC-POL-01,Match,python_only,GenAI not run (no provider credit); Python rule matrix is the verified result. Basis: rule RR-173.
CMP-00390,DS-0390,emotional,Product Defect,not run (no provider credit),Product Defect,not run (no provider credit),Warranty,not run (no provider credit),high,not run (no provider credit),false,WAR-POL-03,Match,python_only,GenAI not run (no provider credit); Python rule matrix is the verified result. Basis: rule RR-006.
CMP-00391,DS-0391,simple,Billing,not run (no provider credit),Billing,not run (no provider credit),Billing,not run (no provider credit),medium,not run (no provider credit),false,REF-POL-01,Match,python_only,GenAI not run (no provider credit); Python rule matrix is the verified result. Basis: rule RR-141.
CMP-00392,DS-0392,emotional,Billing,not run (no provider credit),Billing,not run (no provider credit),Billing,not run (no provider credit),high,not run (no provider credit),false,BIL-POL-02,Match,python_only,GenAI not run (no provider credit); Python rule matrix is the verified result. Basis: rule RR-003.
CMP-00393,DS-0393,emotional,Staff Behavior,not run (no provider credit),Staff Behavior,not run (no provider credit),Customer Relations,not run (no provider credit),medium,not run (no provider credit),false,REL-SOP-01,Match,python_only,GenAI not run (no provider credit); Python rule matrix is the verified result. Basis: rule RR-013.
CMP-00394,DS-0394,near_duplicate,Billing,not run (no provider credit),Billing,not run (no provider credit),Billing,not run (no provider credit),medium,not run (no provider credit),false,BIL-POL-02,Match,python_only,"GenAI not run (no provider credit); Python rule matrix is the verified result. Basis: rule RR-019, repeat of CMP-00251."
CMP-00395,DS-0395,simple,Technical Support,not run (no provider credit),Technical Support,not run (no provider credit),Technical Support,not run (no provider credit),medium,not run (no provider credit),false,TEC-SOP-02,Match,python_only,GenAI not run (no provider credit); Python rule matrix is the verified result. Basis: rule RR-176.
CMP-00396,DS-0396,safety,Safety,not run (no provider credit),Safety,not run (no provider credit),Safety,not run (no provider credit),critical,not run (no provider credit),true,SAF-POL-01,Match,python_only,"GenAI not run (no provider credit); Python rule matrix is the verified result. Basis: rule RR-008, escalation rules ESC-SAF-01, ESC-SAF-05."
CMP-00397,DS-0397,simple,Technical Support,not run (no provider credit),Technical Support,not run (no provider credit),Technical Support,not run (no provider credit),medium,not run (no provider credit),false,TEC-SOP-02,Match,python_only,GenAI not run (no provider credit); Python rule matrix is the verified result. Basis: rule RR-176.
CMP-00398,DS-0398,incomplete,Billing,not run (no provider credit),Billing,not run (no provider credit),Billing,not run (no provider credit),high,not run (no provider credit),false,BIL-POL-02,Match,python_only,GenAI not run (no provider credit); Python rule matrix is the verified result. Basis: rule RR-003.
CMP-00399,DS-0399,simple,Staff Behavior,not run (no provider credit),Staff Behavior,not run (no provider credit),Customer Relations,not run (no provider credit),medium,not run (no provider credit),false,REL-SOP-01,Match,python_only,GenAI not run (no provider credit); Python rule matrix is the verified result. Basis: rule RR-013.
CMP-00400,DS-0400,ambiguous,Product Defect,not run (no provider credit),Product Defect,not run (no provider credit),Warranty,not run (no provider credit),high,not run (no provider credit),false,WAR-POL-03,Match,python_only,GenAI not run (no provider credit); Python rule matrix is the verified result. Basis: rule RR-006.
CMP-00401,DS-0401,unsupported_refund,Refund,not run (no provider credit),Refund,not run (no provider credit),Returns,not run (no provider credit),medium,not run (no provider credit),false,REF-POL-01,Match,python_only,GenAI not run (no provider credit); Python rule matrix is the verified result. Basis: rule RR-122.
CMP-00402,DS-0402,privacy,Privacy,not run (no provider credit),Privacy,not run (no provider credit),Compliance,not run (no provider credit),high,not run (no provider credit),true,PRI-POL-01,Match,python_only,"GenAI not run (no provider credit); Python rule matrix is the verified result. Basis: rule RR-009, escalation rules ESC-PRI-01, ESC-PRI-02."
CMP-00403,DS-0403,simple,Technical Support,not run (no provider credit),Technical Support,not run (no provider credit),Technical Support,not run (no provider credit),low,not run (no provider credit),false,TEC-SOP-02,Match,python_only,GenAI not run (no provider credit); Python rule matrix is the verified result. Basis: rule RR-020.
CMP-00404,DS-0404,emotional,Refund,not run (no provider credit),Refund,not run (no provider credit),Returns,not run (no provider credit),medium,not run (no provider credit),false,REF-POL-01,Match,python_only,GenAI not run (no provider credit); Python rule matrix is the verified result. Basis: rule RR-005.
CMP-00405,DS-0405,repeated,Service Quality,not run (no provider credit),Service Quality,not run (no provider credit),Customer Relations,not run (no provider credit),high,not run (no provider credit),true,CMP-POL-01,Match,python_only,"GenAI not run (no provider credit); Python rule matrix is the verified result. Basis: rule RR-123, escalation rules ESC-REP-01, repeat of CMP-00025, CMP-00079."
CMP-00406,DS-0406,privacy,Privacy,not run (no provider credit),Privacy,not run (no provider credit),Compliance,not run (no provider credit),high,not run (no provider credit),true,PRI-POL-01,Match,python_only,"GenAI not run (no provider credit); Python rule matrix is the verified result. Basis: rule RR-009, escalation rules ESC-PRI-01, ESC-PRI-02."
CMP-00407,DS-0407,simple,Delivery,not run (no provider credit),Delivery,not run (no provider credit),Logistics,not run (no provider credit),high,not run (no provider credit),false,DEL-POL-04,Match,python_only,GenAI not run (no provider credit); Python rule matrix is the verified result. Basis: rule RR-002.
CMP-00408,DS-0408,repeated,Service Quality,not run (no provider credit),Service Quality,not run (no provider credit),Customer Relations,not run (no provider credit),high,not run (no provider credit),true,CMP-POL-01,Match,python_only,"GenAI not run (no provider credit); Python rule matrix is the verified result. Basis: rule RR-123, escalation rules ESC-REP-01, repeat of CMP-00177, CMP-00235."
CMP-00409,DS-0409,repeated,Service Quality,not run (no provider credit),Service Quality,not run (no provider credit),Customer Relations,not run (no provider credit),high,not run (no provider credit),true,CMP-POL-01,Match,python_only,"GenAI not run (no provider credit); Python rule matrix is the verified result. Basis: rule RR-123, escalation rules ESC-REP-01, repeat of CMP-00251, CMP-00394."
CMP-00410,DS-0410,emotional,Delivery,not run (no provider credit),Delivery,not run (no provider credit),Logistics,not run (no provider credit),medium,not run (no provider credit),false,DEL-POL-04,Match,python_only,GenAI not run (no provider credit); Python rule matrix is the verified result. Basis: rule RR-001.
CMP-00411,DS-0411,simple,Delivery,not run (no provider credit),Delivery,not run (no provider credit),Logistics,not run (no provider credit),medium,not run (no provider credit),false,DEL-POL-04,Match,python_only,GenAI not run (no provider credit); Python rule matrix is the verified result. Basis: rule RR-001.
CMP-00412,DS-0412,simple,Warranty,not run (no provider credit),Warranty,not run (no provider credit),Warranty,not run (no provider credit),medium,not run (no provider credit),false,WAR-POL-03,Match,python_only,GenAI not run (no provider credit); Python rule matrix is the verified result. Basis: rule RR-012.
CMP-00413,DS-0413,simple,Billing,not run (no provider credit),Billing,not run (no provider credit),Billing,not run (no provider credit),high,not run (no provider credit),false,BIL-POL-02,Match,python_only,GenAI not run (no provider credit); Python rule matrix is the verified result. Basis: rule RR-003.
CMP-00414,DS-0414,emotional,Staff Behavior,not run (no provider credit),Staff Behavior,not run (no provider credit),Customer Relations,not run (no provider credit),medium,not run (no provider credit),false,REL-SOP-01,Match,python_only,GenAI not run (no provider credit); Python rule matrix is the verified result. Basis: rule RR-013.
CMP-00415,DS-0415,simple,Service Quality,not run (no provider credit),Service Quality,not run (no provider credit),Customer Relations,not run (no provider credit),low,not run (no provider credit),false,SLA-POL-01,Match,python_only,GenAI not run (no provider credit); Python rule matrix is the verified result. Basis: rule RR-015.
CMP-00416,DS-0416,simple,Delivery,not run (no provider credit),Delivery,not run (no provider credit),Logistics,not run (no provider credit),high,not run (no provider credit),false,DEL-POL-04,Match,python_only,GenAI not run (no provider credit); Python rule matrix is the verified result. Basis: rule RR-016.
CMP-00417,DS-0417,high_priority,Delivery,not run (no provider credit),Delivery,not run (no provider credit),Logistics,not run (no provider credit),high,not run (no provider credit),true,DEL-POL-04,Match,python_only,"GenAI not run (no provider credit); Python rule matrix is the verified result. Basis: rule RR-002, escalation rules ESC-CRIT-01."
CMP-00418,DS-0418,calm_critical,Privacy,not run (no provider credit),Privacy,not run (no provider credit),Compliance,not run (no provider credit),high,not run (no provider credit),true,PRI-POL-01,Match,python_only,"GenAI not run (no provider credit); Python rule matrix is the verified result. Basis: rule RR-009, escalation rules ESC-PRI-02."
CMP-00419,DS-0419,multi_issue,Service Quality,not run (no provider credit),Service Quality,not run (no provider credit),Customer Relations,not run (no provider credit),high,not run (no provider credit),true,CMP-POL-01,Match,python_only,GenAI not run (no provider credit); Python rule matrix is the verified result. Basis: rule RR-123.
CMP-00420,DS-0420,incomplete,Product Defect,not run (no provider credit),Product Defect,not run (no provider credit),Warranty,not run (no provider credit),high,not run (no provider credit),false,WAR-POL-03,Match,python_only,GenAI not run (no provider credit); Python rule matrix is the verified result. Basis: rule RR-006.
CMP-00421,DS-0421,simple,Delivery,not run (no provider credit),Delivery,not run (no provider credit),Logistics,not run (no provider credit),high,not run (no provider credit),false,DEL-POL-04,Match,python_only,GenAI not run (no provider credit); Python rule matrix is the verified result. Basis: rule RR-016.
CMP-00422,DS-0422,ambiguous,Billing,not run (no provider credit),Billing,not run (no provider credit),Billing,not run (no provider credit),medium,not run (no provider credit),false,BIL-POL-02,Match,python_only,GenAI not run (no provider credit); Python rule matrix is the verified result. Basis: rule RR-004.
CMP-00423,DS-0423,contradictory_policy,Product Defect,not run (no provider credit),Product Defect,not run (no provider credit),Warranty,not run (no provider credit),high,not run (no provider credit),true,RPL-POL-01,Match,python_only,"GenAI not run (no provider credit); Python rule matrix is the verified result. Basis: rule RR-202, escalation rules ESC-HW-01."
CMP-00424,DS-0424,multi_issue,Billing,not run (no provider credit),Billing,not run (no provider credit),Billing,not run (no provider credit),high,not run (no provider credit),false,BIL-POL-02,Match,python_only,GenAI not run (no provider credit); Python rule matrix is the verified result. Basis: rule RR-003.
CMP-00425,DS-0425,repeated,Safety,not run (no provider credit),Safety,not run (no provider credit),Safety,not run (no provider credit),critical,not run (no provider credit),true,SAF-POL-01,Match,python_only,"GenAI not run (no provider credit); Python rule matrix is the verified result. Basis: rule RR-008, escalation rules ESC-SAF-01, ESC-REP-01, repeat of CMP-00148."
CMP-00426,DS-0426,security,Account,not run (no provider credit),Account,not run (no provider credit),Account Security,not run (no provider credit),high,not run (no provider credit),true,SEC-POL-01,Match,python_only,"GenAI not run (no provider credit); Python rule matrix is the verified result. Basis: rule RR-170, escalation rules ESC-SEC-01, ESC-X-09."
CMP-00427,DS-0427,high_value,Refund,not run (no provider credit),Refund,not run (no provider credit),Returns,not run (no provider credit),high,not run (no provider credit),true,REF-POL-01,Match,python_only,"GenAI not run (no provider credit); Python rule matrix is the verified result. Basis: rule RR-005, escalation rules ESC-HIGH-01, ESC-HIGH-VALUE."
CMP-00428,DS-0428,prompt_injection,Refund,not run (no provider credit),Refund,not run (no provider credit),Returns,not run (no provider credit),medium,not run (no provider credit),false,REF-POL-01,Match,python_only,GenAI not run (no provider credit); Python rule matrix is the verified result. Basis: rule RR-005.
CMP-00429,DS-0429,multi_issue,Delivery,not run (no provider credit),Delivery,not run (no provider credit),Logistics,not run (no provider credit),high,not run (no provider credit),false,DEL-POL-04,Match,python_only,GenAI not run (no provider credit); Python rule matrix is the verified result. Basis: rule RR-002.
CMP-00430,DS-0430,high_priority,Delivery,not run (no provider credit),Delivery,not run (no provider credit),Logistics,not run (no provider credit),high,not run (no provider credit),false,DEL-POL-04,Match,python_only,GenAI not run (no provider credit); Python rule matrix is the verified result. Basis: rule RR-002.
CMP-00431,DS-0431,multi_issue,Billing,not run (no provider credit),Billing,not run (no provider credit),Billing,not run (no provider credit),high,not run (no provider credit),false,BIL-POL-02,Match,python_only,GenAI not run (no provider credit); Python rule matrix is the verified result. Basis: rule RR-003.
CMP-00432,DS-0432,low_priority,Technical Support,not run (no provider credit),Technical Support,not run (no provider credit),Technical Support,not run (no provider credit),low,not run (no provider credit),false,TEC-SOP-02,Match,python_only,GenAI not run (no provider credit); Python rule matrix is the verified result. Basis: rule RR-020.
CMP-00433,DS-0433,emotional,Staff Behavior,not run (no provider credit),Staff Behavior,not run (no provider credit),Customer Relations,not run (no provider credit),medium,not run (no provider credit),false,REL-SOP-01,Match,python_only,GenAI not run (no provider credit); Python rule matrix is the verified result. Basis: rule RR-013.
CMP-00434,DS-0434,privacy,Privacy,not run (no provider credit),Privacy,not run (no provider credit),Compliance,not run (no provider credit),high,not run (no provider credit),true,PRI-POL-01,Match,python_only,"GenAI not run (no provider credit); Python rule matrix is the verified result. Basis: rule RR-009, escalation rules ESC-PRI-01."
CMP-00435,DS-0435,high_priority,Billing,not run (no provider credit),Billing,not run (no provider credit),Billing,not run (no provider credit),high,not run (no provider credit),false,BIL-POL-02,Match,python_only,GenAI not run (no provider credit); Python rule matrix is the verified result. Basis: rule RR-003.
CMP-00436,DS-0436,calm_critical,Safety,not run (no provider credit),Safety,not run (no provider credit),Safety,not run (no provider credit),critical,not run (no provider credit),true,SAF-POL-01,Match,python_only,"GenAI not run (no provider credit); Python rule matrix is the verified result. Basis: rule RR-021, escalation rules ESC-SAF-02."
CMP-00437,DS-0437,incomplete,Product Defect,not run (no provider credit),Product Defect,not run (no provider credit),Warranty,not run (no provider credit),high,not run (no provider credit),false,WAR-POL-03,Match,python_only,GenAI not run (no provider credit); Python rule matrix is the verified result. Basis: rule RR-006.
CMP-00438,DS-0438,policy_exception,Refund,not run (no provider credit),Refund,not run (no provider credit),Returns,not run (no provider credit),low,not run (no provider credit),true,REF-POL-01,Match,python_only,"GenAI not run (no provider credit); Python rule matrix is the verified result. Basis: rule RR-018, escalation rules ESC-POL-01."
CMP-00439,DS-0439,repeated,Service Quality,not run (no provider credit),Service Quality,not run (no provider credit),Customer Relations,not run (no provider credit),high,not run (no provider credit),true,CMP-POL-01,Match,python_only,"GenAI not run (no provider credit); Python rule matrix is the verified result. Basis: rule RR-123, escalation rules ESC-REP-01, repeat of CMP-00107, CMP-00296."
CMP-00440,DS-0440,simple,Cancellation,not run (no provider credit),Cancellation,not run (no provider credit),Billing,not run (no provider credit),medium,not run (no provider credit),false,CAN-POL-01,Match,python_only,GenAI not run (no provider credit); Python rule matrix is the verified result. Basis: rule RR-014.
CMP-00441,DS-0441,safety,Safety,not run (no provider credit),Safety,not run (no provider credit),Safety,not run (no provider credit),critical,not run (no provider credit),true,SAF-POL-01,Match,python_only,"GenAI not run (no provider credit); Python rule matrix is the verified result. Basis: rule RR-008, escalation rules ESC-SAF-01."
CMP-00442,DS-0442,simple,Technical Support,not run (no provider credit),Technical Support,not run (no provider credit),Technical Support,not run (no provider credit),low,not run (no provider credit),false,TEC-SOP-02,Match,python_only,GenAI not run (no provider credit); Python rule matrix is the verified result. Basis: rule RR-180.
CMP-00443,DS-0443,repeated,Service Quality,not run (no provider credit),Service Quality,not run (no provider credit),Customer Relations,not run (no provider credit),high,not run (no provider credit),true,CMP-POL-01,Match,python_only,"GenAI not run (no provider credit); Python rule matrix is the verified result. Basis: rule RR-123, escalation rules ESC-REP-01, repeat of CMP-00218."
CMP-00444,DS-0444,simple,Refund,not run (no provider credit),Refund,not run (no provider credit),Returns,not run (no provider credit),medium,not run (no provider credit),false,REF-POL-01,Match,python_only,GenAI not run (no provider credit); Python rule matrix is the verified result. Basis: rule RR-149.
CMP-00445,DS-0445,security,Account,not run (no provider credit),Account,not run (no provider credit),Account Security,not run (no provider credit),high,not run (no provider credit),true,SEC-POL-01,Match,python_only,"GenAI not run (no provider credit); Python rule matrix is the verified result. Basis: rule RR-170, escalation rules ESC-SEC-01."
CMP-00446,DS-0446,simple,Refund,not run (no provider credit),Refund,not run (no provider credit),Returns,not run (no provider credit),medium,not run (no provider credit),false,REF-POL-01,Match,python_only,GenAI not run (no provider credit); Python rule matrix is the verified result. Basis: rule RR-005.
CMP-00447,DS-0447,simple,Billing,not run (no provider credit),Billing,not run (no provider credit),Billing,not run (no provider credit),medium,not run (no provider credit),false,BIL-POL-02,Match,python_only,GenAI not run (no provider credit); Python rule matrix is the verified result. Basis: rule RR-004.
CMP-00448,DS-0448,simple,Billing,not run (no provider credit),Billing,not run (no provider credit),Billing,not run (no provider credit),medium,not run (no provider credit),false,BIL-POL-02,Match,python_only,GenAI not run (no provider credit); Python rule matrix is the verified result. Basis: rule RR-004.
CMP-00449,DS-0449,privacy,Privacy,not run (no provider credit),Privacy,not run (no provider credit),Compliance,not run (no provider credit),high,not run (no provider credit),true,PRI-POL-01,Match,python_only,GenAI not run (no provider credit); Python rule matrix is the verified result. Basis: rule RR-022.
CMP-00450,DS-0450,multi_issue,Privacy,not run (no provider credit),Privacy,not run (no provider credit),Compliance,not run (no provider credit),high,not run (no provider credit),true,PRI-POL-01,Match,python_only,"GenAI not run (no provider credit); Python rule matrix is the verified result. Basis: rule RR-009, escalation rules ESC-PRI-02."
CMP-00451,DS-0451,multi_issue,Safety,not run (no provider credit),Safety,not run (no provider credit),Safety,not run (no provider credit),critical,not run (no provider credit),true,SAF-POL-01,Match,python_only,"GenAI not run (no provider credit); Python rule matrix is the verified result. Basis: rule RR-008, escalation rules ESC-SAF-01."
CMP-00452,DS-0452,simple,Technical Support,not run (no provider credit),Technical Support,not run (no provider credit),Technical Support,not run (no provider credit),low,not run (no provider credit),false,TEC-SOP-02,Match,python_only,GenAI not run (no provider credit); Python rule matrix is the verified result. Basis: rule RR-180.
CMP-00453,DS-0453,vip_minor,Product Defect,not run (no provider credit),Product Defect,not run (no provider credit),Warranty,not run (no provider credit),low,not run (no provider credit),true,WAR-POL-03,Match,python_only,"GenAI not run (no provider credit); Python rule matrix is the verified result. Basis: rule RR-121, escalation rules ESC-VIP-01."
CMP-00454,DS-0454,simple,Cancellation,not run (no provider credit),Cancellation,not run (no provider credit),Billing,not run (no provider credit),medium,not run (no provider credit),false,CAN-POL-01,Match,python_only,GenAI not run (no provider credit); Python rule matrix is the verified result. Basis: rule RR-014.
CMP-00455,DS-0455,simple,Refund,not run (no provider credit),Refund,not run (no provider credit),Returns,not run (no provider credit),medium,not run (no provider credit),false,REF-POL-01,Match,python_only,GenAI not run (no provider credit); Python rule matrix is the verified result. Basis: rule RR-149.
CMP-00456,DS-0456,ambiguous,Billing,not run (no provider credit),Billing,not run (no provider credit),Billing,not run (no provider credit),medium,not run (no provider credit),false,BIL-POL-02,Match,python_only,GenAI not run (no provider credit); Python rule matrix is the verified result. Basis: rule RR-004.
CMP-00457,DS-0457,safety,Safety,not run (no provider credit),Safety,not run (no provider credit),Safety,not run (no provider credit),critical,not run (no provider credit),true,SAF-POL-01,Match,python_only,"GenAI not run (no provider credit); Python rule matrix is the verified result. Basis: rule RR-163, escalation rules ESC-SAF-02."
CMP-00458,DS-0458,contradictory_policy,Delivery,not run (no provider credit),Delivery,not run (no provider credit),Logistics,not run (no provider credit),medium,not run (no provider credit),false,DEL-POL-04,Match,python_only,GenAI not run (no provider credit); Python rule matrix is the verified result. Basis: rule RR-001.
CMP-00459,DS-0459,prompt_injection,Safety,not run (no provider credit),Safety,not run (no provider credit),Safety,not run (no provider credit),critical,not run (no provider credit),true,SAF-POL-01,Match,python_only,"GenAI not run (no provider credit); Python rule matrix is the verified result. Basis: rule RR-008, escalation rules ESC-SAF-01."
CMP-00460,DS-0460,policy_exception,Refund,not run (no provider credit),Refund,not run (no provider credit),Returns,not run (no provider credit),low,not run (no provider credit),true,REF-POL-01,Match,python_only,"GenAI not run (no provider credit); Python rule matrix is the verified result. Basis: rule RR-018, escalation rules ESC-POL-01."
CMP-00461,DS-0461,safety,Safety,not run (no provider credit),Safety,not run (no provider credit),Safety,not run (no provider credit),critical,not run (no provider credit),true,SAF-POL-01,Match,python_only,"GenAI not run (no provider credit); Python rule matrix is the verified result. Basis: rule RR-008, escalation rules ESC-SAF-01."
CMP-00462,DS-0462,low_priority,Service Quality,not run (no provider credit),Service Quality,not run (no provider credit),Customer Relations,not run (no provider credit),low,not run (no provider credit),false,SLA-POL-01,Match,python_only,GenAI not run (no provider credit); Python rule matrix is the verified result. Basis: rule RR-015.
CMP-00463,DS-0463,contradictory_policy,Refund,not run (no provider credit),Refund,not run (no provider credit),Returns,not run (no provider credit),medium,not run (no provider credit),false,REF-POL-01,Match,python_only,GenAI not run (no provider credit); Python rule matrix is the verified result. Basis: rule RR-005.
CMP-00464,DS-0464,contradictory_policy,Cancellation,not run (no provider credit),Cancellation,not run (no provider credit),Billing,not run (no provider credit),medium,not run (no provider credit),false,CAN-POL-01,Match,python_only,GenAI not run (no provider credit); Python rule matrix is the verified result. Basis: rule RR-014.
CMP-00465,DS-0465,low_priority,Technical Support,not run (no provider credit),Technical Support,not run (no provider credit),Technical Support,not run (no provider credit),low,not run (no provider credit),false,TEC-SOP-02,Match,python_only,GenAI not run (no provider credit); Python rule matrix is the verified result. Basis: rule RR-020.
CMP-00466,DS-0466,unsupported_refund,Cancellation,not run (no provider credit),Cancellation,not run (no provider credit),Billing,not run (no provider credit),medium,not run (no provider credit),false,CAN-POL-01,Match,python_only,GenAI not run (no provider credit); Python rule matrix is the verified result. Basis: rule RR-014.
CMP-00467,DS-0467,simple,Service Quality,not run (no provider credit),Service Quality,not run (no provider credit),Customer Relations,not run (no provider credit),low,not run (no provider credit),false,SLA-POL-01,Match,python_only,GenAI not run (no provider credit); Python rule matrix is the verified result. Basis: rule RR-187.
CMP-00468,DS-0468,simple,Billing,not run (no provider credit),Billing,not run (no provider credit),Billing,not run (no provider credit),medium,not run (no provider credit),false,REF-POL-01,Match,python_only,GenAI not run (no provider credit); Python rule matrix is the verified result. Basis: rule RR-141.
CMP-00469,DS-0469,repeated,Service Quality,not run (no provider credit),Service Quality,not run (no provider credit),Customer Relations,not run (no provider credit),high,not run (no provider credit),true,CMP-POL-01,Match,python_only,"GenAI not run (no provider credit); Python rule matrix is the verified result. Basis: rule RR-123, escalation rules ESC-REP-01, repeat of CMP-00421."
CMP-00470,DS-0470,ambiguous,Product Defect,not run (no provider credit),Product Defect,not run (no provider credit),Warranty,not run (no provider credit),high,not run (no provider credit),false,WAR-POL-03,Match,python_only,GenAI not run (no provider credit); Python rule matrix is the verified result. Basis: rule RR-006.
CMP-00471,DS-0471,safety,Safety,not run (no provider credit),Safety,not run (no provider credit),Safety,not run (no provider credit),critical,not run (no provider credit),true,SAF-POL-01,Match,python_only,"GenAI not run (no provider credit); Python rule matrix is the verified result. Basis: rule RR-008, escalation rules ESC-SAF-01."
CMP-00472,DS-0472,vip_minor,Product Defect,not run (no provider credit),Product Defect,not run (no provider credit),Warranty,not run (no provider credit),low,not run (no provider credit),true,WAR-POL-03,Match,python_only,"GenAI not run (no provider credit); Python rule matrix is the verified result. Basis: rule RR-121, escalation rules ESC-VIP-01."
CMP-00473,DS-0473,low_value_privacy,Privacy,not run (no provider credit),Privacy,not run (no provider credit),Compliance,not run (no provider credit),high,not run (no provider credit),true,PRI-POL-01,Match,python_only,"GenAI not run (no provider credit); Python rule matrix is the verified result. Basis: rule RR-165, escalation rules ESC-PRI-02."
CMP-00474,DS-0474,simple,Billing,not run (no provider credit),Billing,not run (no provider credit),Billing,not run (no provider credit),medium,not run (no provider credit),false,REF-POL-01,Match,python_only,GenAI not run (no provider credit); Python rule matrix is the verified result. Basis: rule RR-141.
CMP-00475,DS-0475,incomplete,Billing,not run (no provider credit),Billing,not run (no provider credit),Billing,not run (no provider credit),high,not run (no provider credit),false,BIL-POL-02,Match,python_only,GenAI not run (no provider credit); Python rule matrix is the verified result. Basis: rule RR-003.
CMP-00476,DS-0476,repeated,Service Quality,not run (no provider credit),Service Quality,not run (no provider credit),Customer Relations,not run (no provider credit),high,not run (no provider credit),true,CMP-POL-01,Match,python_only,"GenAI not run (no provider credit); Python rule matrix is the verified result. Basis: rule RR-123, escalation rules ESC-REP-01, repeat of CMP-00077, CMP-00144."
CMP-00477,DS-0477,policy_exception,Warranty,not run (no provider credit),Warranty,not run (no provider credit),Warranty,not run (no provider credit),medium,not run (no provider credit),true,WAR-POL-03,Match,python_only,"GenAI not run (no provider credit); Python rule matrix is the verified result. Basis: rule RR-012, escalation rules ESC-POL-01."
CMP-00478,DS-0478,high_priority,Delivery,not run (no provider credit),Delivery,not run (no provider credit),Logistics,not run (no provider credit),high,not run (no provider credit),false,DEL-POL-04,Match,python_only,GenAI not run (no provider credit); Python rule matrix is the verified result. Basis: rule RR-016.
CMP-00479,DS-0479,simple,Billing,not run (no provider credit),Billing,not run (no provider credit),Billing,not run (no provider credit),medium,not run (no provider credit),false,BIL-POL-02,Match,python_only,GenAI not run (no provider credit); Python rule matrix is the verified result. Basis: rule RR-019.
CMP-00480,DS-0480,simple,Warranty,not run (no provider credit),Warranty,not run (no provider credit),Warranty,not run (no provider credit),medium,not run (no provider credit),false,WAR-POL-03,Match,python_only,GenAI not run (no provider credit); Python rule matrix is the verified result. Basis: rule RR-012.
CMP-00481,DS-0481,contradictory_policy,Cancellation,not run (no provider credit),Cancellation,not run (no provider credit),Billing,not run (no provider credit),medium,not run (no provider credit),false,CAN-POL-01,Match,python_only,GenAI not run (no provider credit); Python rule matrix is the verified result. Basis: rule RR-014.
CMP-00482,DS-0482,vip_minor,Technical Support,not run (no provider credit),Technical Support,not run (no provider credit),Technical Support,not run (no provider credit),low,not run (no provider credit),false,TEC-SOP-02,Match,python_only,GenAI not run (no provider credit); Python rule matrix is the verified result. Basis: rule RR-020.
CMP-00483,DS-0483,simple,Delivery,not run (no provider credit),Delivery,not run (no provider credit),Logistics,not run (no provider credit),high,not run (no provider credit),false,DEL-POL-04,Match,python_only,GenAI not run (no provider credit); Python rule matrix is the verified result. Basis: rule RR-016.
CMP-00484,DS-0484,ambiguous,Delivery,not run (no provider credit),Delivery,not run (no provider credit),Logistics,not run (no provider credit),medium,not run (no provider credit),false,DEL-POL-04,Match,python_only,GenAI not run (no provider credit); Python rule matrix is the verified result. Basis: rule RR-001.
CMP-00485,DS-0485,simple,Refund,not run (no provider credit),Refund,not run (no provider credit),Returns,not run (no provider credit),low,not run (no provider credit),false,REF-POL-01,Match,python_only,GenAI not run (no provider credit); Python rule matrix is the verified result. Basis: rule RR-018.
CMP-00486,DS-0486,low_priority,Product Defect,not run (no provider credit),Product Defect,not run (no provider credit),Warranty,not run (no provider credit),low,not run (no provider credit),false,WAR-POL-03,Match,python_only,GenAI not run (no provider credit); Python rule matrix is the verified result. Basis: rule RR-121.
CMP-00487,DS-0487,simple,Delivery,not run (no provider credit),Delivery,not run (no provider credit),Logistics,not run (no provider credit),medium,not run (no provider credit),false,DEL-POL-04,Match,python_only,GenAI not run (no provider credit); Python rule matrix is the verified result. Basis: rule RR-001.
CMP-00488,DS-0488,prompt_injection,Account,not run (no provider credit),Account,not run (no provider credit),Account Security,not run (no provider credit),high,not run (no provider credit),true,SEC-POL-01,Match,python_only,"GenAI not run (no provider credit); Python rule matrix is the verified result. Basis: rule RR-010, escalation rules ESC-SEC-01."
CMP-00489,DS-0489,multi_issue,Account,not run (no provider credit),Account,not run (no provider credit),Account Security,not run (no provider credit),high,not run (no provider credit),true,SEC-POL-01,Match,python_only,"GenAI not run (no provider credit); Python rule matrix is the verified result. Basis: rule RR-010, escalation rules ESC-SEC-01."
CMP-00490,DS-0490,simple,Delivery,not run (no provider credit),Delivery,not run (no provider credit),Logistics,not run (no provider credit),high,not run (no provider credit),false,DEL-POL-04,Match,python_only,GenAI not run (no provider credit); Python rule matrix is the verified result. Basis: rule RR-016.
CMP-00491,DS-0491,high_value,Billing,not run (no provider credit),Billing,not run (no provider credit),Billing,not run (no provider credit),high,not run (no provider credit),true,BIL-POL-02,Match,python_only,"GenAI not run (no provider credit); Python rule matrix is the verified result. Basis: rule RR-004, escalation rules ESC-HIGH-VALUE."
CMP-00492,DS-0492,simple,Technical Support,not run (no provider credit),Technical Support,not run (no provider credit),Technical Support,not run (no provider credit),medium,not run (no provider credit),false,TEC-SOP-02,Match,python_only,GenAI not run (no provider credit); Python rule matrix is the verified result. Basis: rule RR-011.
CMP-00493,DS-0493,high_value,Billing,not run (no provider credit),Billing,not run (no provider credit),Billing,not run (no provider credit),high,not run (no provider credit),true,BIL-POL-02,Match,python_only,"GenAI not run (no provider credit); Python rule matrix is the verified result. Basis: rule RR-003, escalation rules ESC-HIGH-01, ESC-HIGH-VALUE."
CMP-00494,DS-0494,simple,Delivery,not run (no provider credit),Delivery,not run (no provider credit),Logistics,not run (no provider credit),high,not run (no provider credit),false,DEL-POL-04,Match,python_only,GenAI not run (no provider credit); Python rule matrix is the verified result. Basis: rule RR-002.
CMP-00495,DS-0495,multi_issue,Delivery,not run (no provider credit),Delivery,not run (no provider credit),Logistics,not run (no provider credit),high,not run (no provider credit),false,DEL-POL-04,Match,python_only,GenAI not run (no provider credit); Python rule matrix is the verified result. Basis: rule RR-002.
CMP-00496,DS-0496,legal_threat,Staff Behavior,not run (no provider credit),Staff Behavior,not run (no provider credit),Customer Relations,not run (no provider credit),high,not run (no provider credit),true,REL-SOP-01,Match,python_only,"GenAI not run (no provider credit); Python rule matrix is the verified result. Basis: rule RR-190, escalation rules ESC-LEG-01."
CMP-00497,DS-0497,simple,Refund,not run (no provider credit),Refund,not run (no provider credit),Returns,not run (no provider credit),medium,not run (no provider credit),false,REF-POL-01,Match,python_only,GenAI not run (no provider credit); Python rule matrix is the verified result. Basis: rule RR-005.
CMP-00498,DS-0498,privacy,Privacy,not run (no provider credit),Privacy,not run (no provider credit),Compliance,not run (no provider credit),high,not run (no provider credit),true,PRI-POL-01,Match,python_only,"GenAI not run (no provider credit); Python rule matrix is the verified result. Basis: rule RR-009, escalation rules ESC-PRI-01, ESC-PRI-02."
CMP-00499,DS-0499,simple,Product Defect,not run (no provider credit),Product Defect,not run (no provider credit),Warranty,not run (no provider credit),high,not run (no provider credit),false,WAR-POL-03,Match,python_only,GenAI not run (no provider credit); Python rule matrix is the verified result. Basis: rule RR-006.
CMP-00500,DS-0500,simple,Product Defect,not run (no provider credit),Product Defect,not run (no provider credit),Warranty,not run (no provider credit),high,not run (no provider credit),false,WAR-POL-03,Match,python_only,GenAI not run (no provider credit); Python rule matrix is the verified result. Basis: rule RR-155.
CMP-00501,DS-0501,multi_issue,Privacy,not run (no provider credit),Privacy,not run (no provider credit),Compliance,not run (no provider credit),high,not run (no provider credit),true,PRI-POL-01,Match,python_only,"GenAI not run (no provider credit); Python rule matrix is the verified result. Basis: rule RR-009, escalation rules ESC-PRI-02."
CMP-00502,DS-0502,repeated,Service Quality,not run (no provider credit),Service Quality,not run (no provider credit),Customer Relations,not run (no provider credit),high,not run (no provider credit),true,CMP-POL-01,Match,python_only,"GenAI not run (no provider credit); Python rule matrix is the verified result. Basis: rule RR-123, repeat of CMP-00060."
CMP-00503,DS-0503,near_duplicate,Delivery,not run (no provider credit),Delivery,not run (no provider credit),Logistics,not run (no provider credit),high,not run (no provider credit),false,DEL-POL-04,Match,python_only,"GenAI not run (no provider credit); Python rule matrix is the verified result. Basis: rule RR-002, repeat of CMP-00040."
CMP-00504,DS-0504,simple,Product Defect,not run (no provider credit),Product Defect,not run (no provider credit),Warranty,not run (no provider credit),medium,not run (no provider credit),false,WAR-POL-03,Match,python_only,GenAI not run (no provider credit); Python rule matrix is the verified result. Basis: rule RR-154.
CMP-00505,DS-0505,safety,Safety,not run (no provider credit),Safety,not run (no provider credit),Safety,not run (no provider credit),critical,not run (no provider credit),true,SAF-POL-01,Match,python_only,GenAI not run (no provider credit); Python rule matrix is the verified result. Basis: rule RR-021.
CMP-00506,DS-0506,incomplete,Unclassified,not run (no provider credit),Unclassified,not run (no provider credit),Customer Relations,not run (no provider credit),medium,not run (no provider credit),false,,Match,python_only,GenAI not run (no provider credit); Python rule matrix is the verified result. Basis: rule none.
CMP-00507,DS-0507,vip_minor,Product Defect,not run (no provider credit),Product Defect,not run (no provider credit),Warranty,not run (no provider credit),low,not run (no provider credit),false,WAR-POL-03,Match,python_only,GenAI not run (no provider credit); Python rule matrix is the verified result. Basis: rule RR-121.
CMP-00508,DS-0508,calm_critical,Safety,not run (no provider credit),Safety,not run (no provider credit),Safety,not run (no provider credit),critical,not run (no provider credit),true,SAF-POL-01,Match,python_only,GenAI not run (no provider credit); Python rule matrix is the verified result. Basis: rule RR-021.
CMP-00509,DS-0509,simple,Warranty,not run (no provider credit),Warranty,not run (no provider credit),Warranty,not run (no provider credit),medium,not run (no provider credit),false,WAR-POL-03,Match,python_only,GenAI not run (no provider credit); Python rule matrix is the verified result. Basis: rule RR-012.
CMP-00510,DS-0510,contradictory_policy,Delivery,not run (no provider credit),Delivery,not run (no provider credit),Logistics,not run (no provider credit),medium,not run (no provider credit),false,DEL-POL-04,Match,python_only,GenAI not run (no provider credit); Python rule matrix is the verified result. Basis: rule RR-001.
CMP-00511,DS-0511,simple,Staff Behavior,not run (no provider credit),Staff Behavior,not run (no provider credit),Customer Relations,not run (no provider credit),medium,not run (no provider credit),false,REL-SOP-01,Match,python_only,GenAI not run (no provider credit); Python rule matrix is the verified result. Basis: rule RR-013.
CMP-00512,DS-0512,repeated,Service Quality,not run (no provider credit),Service Quality,not run (no provider credit),Customer Relations,not run (no provider credit),high,not run (no provider credit),true,CMP-POL-01,Match,python_only,"GenAI not run (no provider credit); Python rule matrix is the verified result. Basis: rule RR-123, escalation rules ESC-REP-01, repeat of CMP-00487."
CMP-00513,DS-0513,security,Account,not run (no provider credit),Account,not run (no provider credit),Account Security,not run (no provider credit),medium,not run (no provider credit),false,SEC-POL-01,Match,python_only,GenAI not run (no provider credit); Python rule matrix is the verified result. Basis: rule RR-017.
CMP-00514,DS-0514,simple,Delivery,not run (no provider credit),Delivery,not run (no provider credit),Logistics,not run (no provider credit),high,not run (no provider credit),false,DEL-POL-04,Match,python_only,GenAI not run (no provider credit); Python rule matrix is the verified result. Basis: rule RR-016.
CMP-00515,DS-0515,prompt_injection,Refund,not run (no provider credit),Refund,not run (no provider credit),Returns,not run (no provider credit),medium,not run (no provider credit),false,REF-POL-01,Match,python_only,GenAI not run (no provider credit); Python rule matrix is the verified result. Basis: rule RR-005.
CMP-00516,DS-0516,vip_minor,Product Defect,not run (no provider credit),Product Defect,not run (no provider credit),Warranty,not run (no provider credit),low,not run (no provider credit),false,WAR-POL-03,Match,python_only,GenAI not run (no provider credit); Python rule matrix is the verified result. Basis: rule RR-121.
CMP-00517,DS-0517,simple,Billing,not run (no provider credit),Billing,not run (no provider credit),Billing,not run (no provider credit),high,not run (no provider credit),false,BIL-POL-02,Match,python_only,GenAI not run (no provider credit); Python rule matrix is the verified result. Basis: rule RR-003.
CMP-00518,DS-0518,unsupported_refund,Refund,not run (no provider credit),Refund,not run (no provider credit),Returns,not run (no provider credit),medium,not run (no provider credit),false,REF-POL-01,Match,python_only,GenAI not run (no provider credit); Python rule matrix is the verified result. Basis: rule RR-122.
CMP-00519,DS-0519,simple,Product Defect,not run (no provider credit),Product Defect,not run (no provider credit),Warranty,not run (no provider credit),high,not run (no provider credit),false,WAR-POL-03,Match,python_only,GenAI not run (no provider credit); Python rule matrix is the verified result. Basis: rule RR-006.
CMP-00520,DS-0520,unsupported_refund,Cancellation,not run (no provider credit),Cancellation,not run (no provider credit),Billing,not run (no provider credit),medium,not run (no provider credit),false,CAN-POL-01,Match,python_only,GenAI not run (no provider credit); Python rule matrix is the verified result. Basis: rule RR-014.
CMP-00521,DS-0521,contradictory_policy,Product Defect,not run (no provider credit),Product Defect,not run (no provider credit),Warranty,not run (no provider credit),high,not run (no provider credit),true,RPL-POL-01,Match,python_only,"GenAI not run (no provider credit); Python rule matrix is the verified result. Basis: rule RR-202, escalation rules ESC-HW-01."
CMP-00522,DS-0522,simple,Technical Support,not run (no provider credit),Technical Support,not run (no provider credit),Technical Support,not run (no provider credit),low,not run (no provider credit),false,TEC-SOP-02,Match,python_only,GenAI not run (no provider credit); Python rule matrix is the verified result. Basis: rule RR-020.
CMP-00523,DS-0523,low_value_privacy,Privacy,not run (no provider credit),Privacy,not run (no provider credit),Compliance,not run (no provider credit),high,not run (no provider credit),true,PRI-POL-01,Match,python_only,"GenAI not run (no provider credit); Python rule matrix is the verified result. Basis: rule RR-009, escalation rules ESC-PRI-02."
CMP-00524,DS-0524,simple,Service Quality,not run (no provider credit),Service Quality,not run (no provider credit),Customer Relations,not run (no provider credit),low,not run (no provider credit),false,SLA-POL-01,Match,python_only,GenAI not run (no provider credit); Python rule matrix is the verified result. Basis: rule RR-015.
CMP-00525,DS-0525,prompt_injection,Safety,not run (no provider credit),Safety,not run (no provider credit),Safety,not run (no provider credit),critical,not run (no provider credit),true,SAF-POL-01,Match,python_only,"GenAI not run (no provider credit); Python rule matrix is the verified result. Basis: rule RR-008, escalation rules ESC-SAF-01."
CMP-00526,DS-0526,high_priority,Technical Support,not run (no provider credit),Technical Support,not run (no provider credit),Technical Support,not run (no provider credit),high,not run (no provider credit),true,TEC-SOP-02,Match,python_only,"GenAI not run (no provider credit); Python rule matrix is the verified result. Basis: rule RR-178, escalation rules ESC-FAIL-01."
CMP-00527,DS-0527,repeated,Service Quality,not run (no provider credit),Service Quality,not run (no provider credit),Customer Relations,not run (no provider credit),high,not run (no provider credit),true,CMP-POL-01,Match,python_only,"GenAI not run (no provider credit); Python rule matrix is the verified result. Basis: rule RR-123, repeat of CMP-00253."
CMP-00528,DS-0528,ambiguous,Delivery,not run (no provider credit),Delivery,not run (no provider credit),Logistics,not run (no provider credit),medium,not run (no provider credit),false,DEL-POL-04,Match,python_only,GenAI not run (no provider credit); Python rule matrix is the verified result. Basis: rule RR-001.
CMP-00529,DS-0529,legal_threat,Delivery,not run (no provider credit),Delivery,not run (no provider credit),Logistics,not run (no provider credit),high,not run (no provider credit),true,DEL-POL-04,Match,python_only,"GenAI not run (no provider credit); Python rule matrix is the verified result. Basis: rule RR-002, escalation rules ESC-LEG-01."
CMP-00530,DS-0530,security,Account,not run (no provider credit),Account,not run (no provider credit),Account Security,not run (no provider credit),medium,not run (no provider credit),false,SEC-POL-01,Match,python_only,GenAI not run (no provider credit); Python rule matrix is the verified result. Basis: rule RR-017.
CMP-00531,DS-0531,simple,Product Defect,not run (no provider credit),Product Defect,not run (no provider credit),Warranty,not run (no provider credit),high,not run (no provider credit),false,WAR-POL-03,Match,python_only,GenAI not run (no provider credit); Python rule matrix is the verified result. Basis: rule RR-006.
CMP-00532,DS-0532,simple,Billing,not run (no provider credit),Billing,not run (no provider credit),Billing,not run (no provider credit),medium,not run (no provider credit),false,BIL-POL-02,Match,python_only,GenAI not run (no provider credit); Python rule matrix is the verified result. Basis: rule RR-144.
